Time,x,y,z
1.0,2.9994469647449518,-0.026175777106721816,-0.051310178085392094
2.0,5.998556347884889,-0.05653652751991933,-0.1178017775272353
3.0,8.997871678355375,-0.07538202953344918,-0.17905857681163667
4.0,11.997562346995075,-0.09056495801304605,-0.21937446894725612
5.0,14.99699280741938,-0.09684695966464507,-0.27749029754917687
6.0,11.997559468902288,-0.10155846241031076,-0.3356061261510976
7.0,8.998535044338892,-0.1046990345917,-0.412043274701799
8.0,5.998899892222775,-0.10888731809449737,-0.4586416917416939
9.0,8.99825328879461,-0.13715639490183804,-0.5141399959451983
10.0,11.998045620218228,-0.16700044370935943,-0.5329894278418752
11.0,14.99736263339818,-0.17118828300611494,-0.5968636515264975
12.0,17.99693053659068,-0.19684155308772805,-0.6408443731154795
13.0,20.996547281617293,-0.22197167147935695,-0.6816838161277277
14.0,23.99600511370488,-0.2371534214571986,-0.7366586103160361
15.0,26.99549182677812,-0.2617589052966655,-0.7863982148791286
16.0,29.994965473120793,-0.2868878248395164,-0.8366613454860727
17.0,32.994333079064276,-0.31568057134189614,-0.891112627984557
18.0,35.99340375075254,-0.33452453609873073,-0.9633622730462698
19.0,38.99261276880934,-0.3575572606983554,-1.028283452982563
20.0,41.991935967452406,-0.3879201756205107,-1.0843052655106886
21.0,44.99162047082814,-0.4156687837660118,-1.117814890298955
22.0,47.991020840918296,-0.4575510351564568,-1.1607485242178306
23.0,50.990578374693214,-0.48896347645849336,-1.2015879672300789
24.0,53.99022139246677,-0.5214240046238652,-1.2345740253997335
25.0,56.98909839032174,-0.5622519432890345,-1.3057767722617994
26.0,59.98886033808568,-0.5900012678345367,-1.3314327995222799
27.0,62.98843267293239,-0.6151310141676082,-1.375413521111262
28.0,65.98805755214761,-0.6470677524182692,-1.4104938395670001
29.0,68.98721025674698,-0.6868523537666787,-1.4696566656477494
30.0,71.98669688097583,-0.7161698010974518,-1.5167786175832114
31.0,74.98600400215517,-0.7522915186734782,-1.5701828717419521
32.0,77.98340932628905,-0.8763478633023494,-1.583272799596192
33.0,75.1488050459123,-1.5930866295066268,-2.2550645193202348
34.0,72.33038653399498,-2.3482795937077983,-2.9523454372455866
35.0,69.5182519600355,-3.1408537455014196,-3.6333192633581364
36.0,66.71599101636357,-3.933285441005058,-4.354003390789927
37.0,63.97349301972945,-4.89745769111586,-5.095000428958156
38.0,61.04952716605574,-5.050696248206341,-5.748408135655126
39.0,58.26644817567709,-5.894138438976091,-6.485345449232405
40.0,55.47053729068431,-6.73135645170519,-7.179570428861371
41.0,52.69666671664916,-7.632641636010089,-7.8819428763950015
42.0,49.94292848863791,-8.576531005364851,-8.607200506488294
43.0,47.172392497972886,-9.489580666269138,-9.30753659805601
44.0,44.32925401551661,-10.187396321319744,-9.96298825999802
45.0,41.4482169537525,-10.634434251662338,-10.66994125530721
46.0,38.60009333665329,-11.261677163270292,-11.373331752512897
47.0,35.74321312967223,-11.837206385359806,-12.085372199033232
48.0,32.866608802446876,-12.36827651927578,-12.751038825394257
49.0,30.008819644337194,-13.000786618493043,-13.40904498203637
50.0,27.138096988745637,-13.544772221668012,-14.089508866611986
51.0,24.266842027859838,-14.070192241332235,-14.782205591394723
52.0,21.437150454179868,-14.812547928767575,-15.446851084253124
53.0,18.58084106163791,-15.43166952717776,-16.123744798552938
54.0,15.736112878226125,-16.09418191899216,-16.808287633732053
55.0,12.880352872333573,-16.726765769356614,-17.474975312486244
56.0,15.864589633335642,-17.015692196281787,-17.57915052118838
57.0,18.863372785034542,-17.101027201612805,-17.583339310032123
58.0,21.861250618234855,-17.213574135465397,-17.591193282694377
59.0,24.857394063598647,-17.36482795177557,-17.606901174188636
60.0,27.856084564220687,-17.453303179603488,-17.61213715928633
61.0,30.854136811403816,-17.561140968686374,-17.619467534850365
62.0,33.791573297319154,-17.598055827365258,-18.227829420919903
63.0,30.87965375314131,-17.951983914708325,-18.856685109631368
64.0,27.949180750959115,-18.120440765576923,-19.476322320325437
65.0,25.013048992547542,-18.1886090812915,-20.08827279052675
66.0,22.075316645705218,-18.276312127212847,-20.689967758141083
67.0,19.190808475106085,-18.849553133429687,-21.2824265014628
68.0,16.290544051025766,-19.316177174761886,-21.891301098128533
69.0,13.376437600517287,-19.60550272370239,-22.542664531117484
70.0,10.4899871306775,-20.155078442614865,-23.147949764989505
71.0,7.555549736462911,-20.160712164901085,-23.771684837442784
72.0,4.633068417686557,-20.440570792095603,-24.3887602705853
73.0,1.739204994230457,-20.899431489672796,-25.032966252086492
74.0,-1.165079726702679,-21.322085500368534,-25.65465254516134
75.0,-4.064434818045971,-21.760054138434697,-26.288626934527507
76.0,-6.975448890437097,-22.14277954962248,-26.904677524959798
77.0,-9.874436480200895,-22.592602784948493,-27.531997229222565
78.0,-12.792613792410172,-22.935926189573827,-28.137282463094586
79.0,-15.75620750194889,-23.27672917311078,-28.45503338944234
80.0,-18.672547139250714,-23.783089811088377,-28.94346150514534
81.0,-21.597248014048326,-24.235334752112728,-29.43498902856186
82.0,-24.524704441314157,-24.72312221131425,-29.873238114249094
83.0,-27.408132266429345,-25.33969660537668,-30.426121459936095
84.0,-30.298866207469537,-25.94360238940285,-30.95428344847557
85.0,-33.18194953749703,-26.56905424823546,-31.49893056762742
86.0,-36.06910295185561,-27.188533391383274,-32.02863874498778
87.0,-38.98521879492218,-27.71112396933825,-32.50104479665185
88.0,-41.81943397718636,-28.52864229932275,-33.04775137312829
89.0,-44.69716683034892,-29.182975367846154,-33.58673361890787
90.0,-47.57764083437277,-29.74601383073923,-34.20790766975499
91.0,-50.44936238778366,-30.328706481334542,-34.85109084321148
92.0,-53.29048179753339,-30.982019611839828,-35.55906150153902
93.0,-56.15274902698198,-31.596681654007845,-36.21451316348103
94.0,-58.981443707231094,-32.338248156245,-36.884263511513886
95.0,-61.808985031932366,-33.13623006281762,-37.49108715466674
96.0,-64.61301308234438,-33.89333994561527,-38.24222716683006
97.0,-67.52200993419994,-33.93040519953193,-38.97459557333493
98.0,-70.39920716775072,-34.06709695820373,-39.81307720244731
99.0,-73.27086738161304,-34.20804697616942,-40.66964051508431
100.0,-76.13309368090837,-34.48314384635031,-41.52520017030353
101.0,-78.97520824766085,-34.88864887919862,-42.39580367235721
102.0,-81.82013751530894,-35.057170540064135,-43.33280842789391
103.0,-84.6011351342801,-35.68236552204463,-44.26832084244711
104.0,-87.40912161846813,-36.218017591595334,-45.17842455357205
105.0,-90.24488635673023,-36.581287432700506,-46.087530362470375
106.0,-93.07465769428725,-36.95835687271484,-47.009600215869796
107.0,-95.88366898119459,-37.47289342416254,-47.928680042245865
108.0,-98.72856477658613,-37.80558182457426,-48.820804664479226
109.0,-101.5751871559643,-38.101258118272824,-49.72042489466973
110.0,-104.38449063812607,-38.69788155756199,-50.587520285503146
111.0,-107.1409760032314,-39.41383762772089,-51.530491832031856
112.0,-109.8290176653962,-40.30282241180541,-52.522529168089605
113.0,-106.93509680741231,-40.315449603756136,-53.31313818761144
114.0,-104.01462166498277,-40.521718066077106,-53.96756791180107
115.0,-106.91714540311291,-40.658597610890794,-54.713637573295635
116.0,-104.02332358893487,-40.72123572176337,-55.502226043192074
117.0,-106.82813888317172,-41.29800200879256,-56.396849883340366
118.0,-109.64050565709013,-41.9555656047224,-57.208147144686365
119.0,-112.46044378060623,-42.459396597088336,-58.099271889417466
120.0,-115.30882481812687,-42.880008914441326,-58.94177455622857
121.0,-118.15773204923585,-43.2035935672515,-59.82439597053975
122.0,-121.01537243920039,-43.44707258230549,-60.704514923222646
123.0,-118.12226099031055,-43.453636855223195,-61.498154044375084
124.0,-120.99210189169327,-43.66942127653635,-62.345178414903714
125.0,-123.8166801968783,-44.08248968687986,-63.267746507921416
126.0,-126.51488672257992,-44.9711806207662,-64.2320649038309
127.0,-129.23065438664253,-45.88249982069557,-65.123189648562
128.0,-132.02825564743677,-46.55776043803758,-65.97021401909063
129.0,-134.85987591847362,-47.00624502987736,-66.85383622995653
130.0,-137.71583004563755,-47.3402266160411,-67.70939588517575
131.0,-140.54813716539286,-47.788313276585086,-68.59101639538746
132.0,-137.66771493055646,-48.586583692941595,-68.84778884607114
133.0,-134.73121861244505,-49.17655210248801,-69.01786720876127
134.0,-131.78471123716403,-49.64428740867397,-69.33301474684741
135.0,-128.79411662441595,-49.87912712611902,-69.36757150179467
136.0,-125.7976229202669,-50.02358323796024,-69.38013783566089
137.0,-122.80229824115283,-50.189999073030705,-69.39846367883293
138.0,-119.80952647733412,-50.39612494291815,-69.42726116922013
139.0,-116.81223896711221,-50.52332067759653,-69.43668593167777
140.0,-113.81499603918189,-50.6515626552181,-69.44611069413541
141.0,-110.82824436477057,-50.9239039632441,-69.51783689118976
142.0,-107.96590249887157,-51.59736875550764,-70.11234863733382
143.0,-104.96639687934477,-51.65182003468876,-70.11339583486375
144.0,-102.15524421969366,-52.696719876129535,-70.18826268663067
145.0,-99.5644844603551,-54.20700041570188,-70.27202760280137
146.0,-102.5378467967461,-54.60531633140606,-70.29349496938947
147.0,-99.5844962011165,-54.79267794438539,-70.78605550909606
148.0,-96.64358342059907,-54.817829576980465,-71.37800095655479
149.0,-93.68414619224136,-55.115829236198834,-71.769060407938
150.0,-90.71243150083065,-55.47228908223729,-71.97362866309012
151.0,-87.73577886703633,-55.811962089240836,-72.12906786676331
152.0,-84.74727128549132,-56.06974391719338,-72.17776041470918
153.0,-81.75894860493963,-56.33013720102876,-72.22383529543404
154.0,-78.77267751898587,-56.611897078927825,-72.27671603297476
155.0,-75.7821361385838,-56.84778297797344,-72.3086549549087
156.0,-72.80051147246758,-57.16800582667369,-72.3945134290256
157.0,-69.83685406072956,-57.607755035741924,-72.54733809645278
158.0,-66.84419836181299,-57.81649704345485,-72.56828187734666
159.0,-63.8491690926629,-57.988664880716826,-72.58084821121288
160.0,-60.85332618888301,-58.146194668522085,-72.59132016545855
161.0,-57.85423528873735,-58.22001462634755,-72.59341456039081
162.0,-54.856658677827205,-58.34040973988871,-72.59969774110446
163.0,-51.85680201441121,-58.369730804039875,-72.60022133987741
164.0,-48.85815482496116,-58.45977623320286,-72.60283933342312
165.0,-45.85886915485708,-58.52522087933553,-72.60441012967814
166.0,-42.859247573118,-58.572866364005456,-72.60493372845109
167.0,-45.848376249745144,-58.82754855166302,-72.62064161994535
168.0,-48.84354355178851,-58.99762647656871,-72.62744839818787
169.0,-51.835583386976886,-59.21577313095553,-72.63792035243354
170.0,-54.81808359739506,-59.53872300301197,-72.65781696004099
171.0,-51.818083643087675,-59.53924660178491,-72.65781696004099
172.0,-48.8187756309945,-59.60364428888287,-72.65991135497325
173.0,-51.81869502958615,-59.62563524051125,-72.65991135497325
174.0,-54.817799087818955,-59.69893176492188,-72.66148215122827
175.0,-57.81461049443888,-59.83711272458253,-72.66671813632597
176.0,-54.81521517010966,-59.897322532679866,-72.66828893258099
177.0,-51.81671421913811,-59.99207807817025,-72.67195412309839
178.0,-48.81681515355417,-60.016686944632816,-72.67195412309839
179.0,-45.81688465175016,-60.037107139194504,-72.67195412309839
180.0,-48.716962629180195,-60.43024393817186,-73.3314927361569
181.0,-45.76535935655992,-60.76027606560474,-73.75471480070387
182.0,-42.817171062106816,-60.95351053545455,-74.27514368163916
183.0,-45.732271917048905,-61.32539228032037,-74.87837744507706
184.0,-48.66600823675055,-61.403239648270166,-75.500575961442
185.0,-51.58646443458478,-61.61770454535544,-76.15245049265937
186.0,-54.5206983037289,-61.679167983026595,-76.77413678573421
187.0,-57.44431044177451,-61.84108773806995,-77.42703345382117
188.0,-60.36335922193059,-62.11187970607053,-78.06407813760377
189.0,-63.28540394801869,-62.13840007093013,-78.74301207326204
190.0,-66.20464868104317,-62.34253354839342,-79.40357222350394
191.0,-69.09642685489055,-62.76285212313346,-80.08250615916221
192.0,-72.012335536188,-63.04773187455358,-80.72773487021355
193.0,-74.92672903643816,-63.30578385592433,-81.39084851100996
194.0,-77.83553763784964,-63.55157719450183,-82.08252629369893
195.0,-80.72757230217121,-63.98069897868521,-82.75482830522478
196.0,-83.61827231323451,-64.41478037011417,-83.42968146825638
197.0,-86.50548808936843,-64.86690629499446,-84.10759533453628
198.0,-89.37778859636119,-65.45180451801693,-84.74617490376342
199.0,-92.23558597913365,-66.08955059587225,-85.39907157185037
200.0,-95.09574690629039,-66.73673893897943,-86.03202237508239
201.0,-97.96498420608323,-67.31684223602228,-86.68849589491198
202.0,-100.85259627246407,-67.8426516091809,-87.30915768460932
203.0,-103.7649979840699,-68.24211887867979,-87.90777456612417
204.0,-106.68578379197314,-68.71361364860996,-88.40446656956237
205.0,-109.53460203804013,-69.45726828223191,-88.97997711400826
206.0,-112.35585458305168,-70.26678234639357,-89.6006389037056
207.0,-115.17245762911092,-71.07975304192577,-90.2376835874882
208.0,-118.00593988854817,-71.8252178742305,-90.88240094358407
209.0,-120.79824377387926,-72.68424271525575,-91.56439459052402
210.0,-123.6249434744369,-73.47613115954039,-92.1830071467139
211.0,-126.40409458127664,-74.39955435045357,-92.83385946163277
212.0,-129.28417072612467,-74.97295968955265,-93.44734761715814
213.0,-132.07722151940766,-75.85306931017168,-94.09871105014709
214.0,-134.89040695423364,-76.6661174666994,-94.75058558136446
215.0,-137.69218628734248,-77.56405244004418,-95.33688358767913
216.0,-140.5100876301417,-78.38592940734134,-95.95652079837319
217.0,-143.34898013167373,-79.14130029658924,-96.56488268444272
218.0,-146.19707679637253,-79.88211237788043,-97.14758573810263
219.0,-149.02524244661416,-80.65262856107125,-97.78616530732977
220.0,-151.8568644171457,-81.42302470939566,-98.40938821339952
221.0,-154.75098081334573,-81.91564582347844,-99.02697603970917
222.0,-157.5756983663528,-82.68681162052519,-99.67987270779612
223.0,-160.35402765508735,-83.58418752967123,-100.36951235358522
224.0,-162.70045395015111,-85.24309183394777,-101.2310923853211
225.0,-165.29709193139374,-86.56614496851472,-101.94313283184144
226.0,-167.99801537320192,-87.66397465654215,-102.65008582715063
227.0,-170.7554257223088,-88.65344286915655,-103.29633718913296
228.0,-173.66660796529564,-88.96661425505746,-103.94974489582992
229.0,-170.69441310327989,-89.29999932534416,-104.18407819930403
230.0,-167.7443398407993,-89.48353460165767,-104.69728629388733
231.0,-170.6431958196128,-90.042291000617,-105.23060167967634
232.0,-173.5324162330902,-90.59239411252717,-105.8220338132404
233.0,-176.4235411051533,-91.19532840512157,-106.34916492876278
234.0,-179.28200337182327,-91.85683306972211,-106.97494847659358
235.0,-182.00102658150672,-92.8918658185504,-107.70680911500477
236.0,-184.9437989246679,-93.13690850812816,-108.2360019122064
237.0,-187.27105938846543,-94.81847096109624,-109.1056032291401
238.0,-189.91608514633853,-96.00996818568417,-109.86991540619024
239.0,-192.8586860530636,-96.41514744134396,-110.29054549846113
240.0,-195.83366683610006,-96.80100200494938,-110.3151543649237
241.0,-198.7601934180115,-97.4594499064646,-110.35861154333952
242.0,-201.7458260963194,-97.75219375010303,-110.37589020740351
243.0,-198.74582614201202,-97.75271734887598,-110.37589020740351
244.0,-195.7458316708165,-97.75847693186938,-110.37589020740351
245.0,-198.7394678113719,-97.95364076959198,-110.38322058296755
246.0,-201.73899239229618,-98.00704502293733,-110.3837441817405
247.0,-198.7418099468481,-98.13685664209302,-110.39055095998302
248.0,-195.74369561926403,-98.24312485362931,-110.39473974882677
249.0,-192.74394587422333,-98.28187008524016,-110.39526334759971
250.0,-195.74392937920516,-98.29181844374334,-110.39526334759971
251.0,-198.7429683321879,-98.36773215193384,-110.39683414385473
252.0,-201.74252932828765,-98.41904232689323,-110.39788134138466
253.0,-198.7486504185112,-98.61002436074837,-110.41254204874673
254.0,-195.7534545871282,-98.77905503462094,-110.42772634840617
255.0,-192.77375642918503,-99.11802196082853,-110.50835085142772
256.0,-195.6719362193275,-99.57653004237203,-111.13311019963228
257.0,-198.43516719063783,-100.49466348048473,-111.85531902608821
258.0,-201.18081247477014,-101.50812996422789,-112.5143468404112
259.0,-203.93246706670698,-102.51999649433719,-113.15036817017737
260.0,-205.26502600675119,-104.94591769362668,-114.30760323970564
261.0,-202.94211438739023,-106.65039406391575,-115.14357088965635
262.0,-205.03457119249947,-108.56777746472224,-116.11581849858314
263.0,-202.07136922871967,-108.91901996109165,-116.42575854213312
264.0,-204.81369993190208,-109.8595341048148,-117.19715692159721
265.0,-207.55603063508448,-110.80004824853795,-117.9685553010613
266.0,-210.12071197226837,-112.06870682560549,-118.87017332080895
267.0,-212.8581768370214,-113.05317554509242,-119.60304947309827
268.0,-215.77810684824507,-113.22102633712537,-120.27075812301175
269.0,-218.6679759046404,-113.70981110155564,-120.9108724026132
270.0,-215.67188578159903,-113.86263501482394,-120.92029716507083
271.0,-218.67157096500512,-113.90609219257786,-120.92082076384378
272.0,-215.7006004654105,-114.19687488865232,-121.21878001307469
273.0,-212.75324553949423,-114.47081158417406,-121.70669150865935
274.0,-215.5680447591556,-115.31957757196237,-122.30376910074217
275.0,-218.03373589886067,-116.72769454258695,-123.27205304701987
276.0,-220.9361298261239,-117.03223628688495,-123.96729675750234
277.0,-217.98624395201745,-117.41012538265733,-124.36147078130843
278.0,-215.00234566163863,-117.71848127499521,-124.39707466220403
279.0,-212.06137711271973,-117.73593353853697,-124.98902010966276
280.0,-213.9690169329717,-119.7238124648398,-126.17613749667643
281.0,-216.68505342211316,-119.98055350356213,-127.42402764756629
282.0,-219.49545390565132,-120.43221612967109,-128.37147157430013
283.0,-216.9056518347949,-121.91601008020095,-128.673598610758
284.0,-219.0596348982003,-123.88011105649474,-129.38258684583982
285.0,-221.34180672152226,-125.77749959218025,-129.8203179430725
286.0,-218.3591344165899,-126.09888815371248,-129.83969096311964
287.0,-215.4731275055341,-126.80936192354028,-130.2473564285749
288.0,-212.79509237500662,-127.43403855002876,-131.44648400810078
289.0,-215.5546450456277,-127.67935115673875,-132.59743612832875
290.0,-218.38040611207006,-128.67945063205124,-132.71940102023677
291.0,-221.35246792728097,-129.0707299930079,-132.83665727062282
292.0,-224.337989665756,-129.1655969778416,-133.11533307560356
293.0,-227.16966142098704,-130.11966032616365,-133.38253748802072
294.0,-229.65556031356562,-131.58162998771624,-134.20894622743265
295.0,-230.02013073552317,-134.37340555021208,-135.24484082442825
296.0,-228.20025236734872,-136.6111689464748,-136.06973942874126
297.0,-231.04352662567462,-137.1917070700562,-136.83050679069234
298.0,-228.30647578335999,-138.27648749307767,-137.4065312002569
299.0,-231.05145908820518,-139.2880768489648,-138.0711766931153
300.0,-233.2610065947007,-141.12769613239925,-138.9277400057523
301.0,-236.06785012003175,-141.7824185161715,-139.7601870157744
302.0,-238.76322868294005,-143.0871569732183,-139.94071945418227
303.0,-235.7744841536018,-143.34338276433277,-139.98260599519972
304.0,-238.61481806826322,-144.0405100704602,-140.65082510019127
305.0,-238.47576094406298,-146.88373962247994,-141.59777221103258
306.0,-237.1917245841726,-149.2232604676506,-142.96813451403548
307.0,-234.73512682602723,-150.63073671204788,-143.96017185009325
308.0,-237.67363781570367,-150.91678918472624,-144.49245668589577
309.0,-240.67255259059144,-150.99741364354048,-144.49559827797518
310.0,-243.66592974024837,-151.1951840633749,-144.51968356290638
311.0,-246.66567948528908,-151.23392929498576,-144.5202071616793
312.0,-249.66555593331168,-151.26115605754177,-144.5202071616793
313.0,-252.6635565569478,-151.37056379988982,-144.5249195487218
314.0,-255.62070350241598,-151.73889592288623,-144.87077123669974
315.0,-252.71778107987052,-152.15255989558702,-145.5047456260659
316.0,-255.64147864503013,-152.31499623352133,-146.15713123565448
317.0,-258.6387484292183,-152.44271528419893,-146.16498520831672
318.0,-261.60922507405184,-152.84381157294848,-146.28904273388383
319.0,-264.6068826319436,-152.9621138603662,-146.29637310944787
320.0,-267.60413263574617,-153.09035614074062,-146.3031798876904
321.0,-270.59306363390385,-153.3465979178721,-146.3283123349347
322.0,-273.5915638998284,-153.4413534417143,-146.33250112377846
323.0,-276.59143555019375,-153.46910378106472,-146.33250112377846
324.0,-279.5523119044825,-153.95131311612312,-146.3586807302736
325.0,-282.25488944286184,-155.2508141632446,-146.44453920439048
326.0,-284.0072433997825,-156.27070852079726,-148.65566360367168
327.0,-286.1261682743049,-157.04067790075624,-150.63488176498078
328.0,-288.0582468788128,-158.06366086339244,-152.6892863317979
329.0,-289.68152673023525,-159.42237828183036,-154.81504490247315
330.0,-286.9857305547717,-160.6001426714111,-155.4028833352007
331.0,-288.7928285863351,-161.37093530148982,-157.67010088668005
332.0,-290.6530700369807,-162.76257370645615,-159.5682168723676
333.0,-292.43454643130303,-164.15491639353303,-161.53994801484515
334.0,-294.29029548802833,-165.5195961509997,-163.46188573444584
335.0,-295.99819782887505,-167.0205532476925,-165.41897474315692
336.0,-297.6855091594414,-168.47289499063456,-167.4298660717599
337.0,-299.3157927821239,-169.9910325750306,-169.439202674835
338.0,-301.0281805063239,-171.47434935225854,-171.40579862225357
339.0,-302.1770857204125,-173.26946151643915,-173.51709896257725
340.0,-303.4663865582385,-175.00994494989342,-175.59277253215708
341.0,-304.73036884269766,-176.8511150844255,-177.5958804474429
342.0,-306.2527983391234,-178.05734525874865,-179.88219127385412
343.0,-308.8655512750163,-178.9143539568387,-181.08179878774402
344.0,-311.06064040618037,-179.86425384707073,-182.892675344769
345.0,-312.05376741855866,-182.13743176398168,-184.5797914923276
346.0,-312.5666055520968,-184.59653734385287,-186.21985148996043
347.0,-311.26258578291373,-186.86429722699629,-187.68845543724677
348.0,-311.7886614254918,-189.32031217264256,-189.3289538386627
349.0,-309.9965813672483,-191.3071292194504,-190.6857910018329
350.0,-308.71054230994196,-193.56729194929002,-192.1817081043912
351.0,-309.21945931362916,-195.99698417500943,-193.86622559365534
352.0,-309.68932101416806,-198.28394538290428,-195.75011476660336
353.0,-311.3691099558859,-200.1482309064031,-197.3941185981546
354.0,-313.1757733069502,-201.94107308051446,-198.982099855805
355.0,-314.97420487429633,-203.7413889477832,-200.57096947777947
356.0,-316.88484413736904,-205.4425104368356,-202.13801870670918
357.0,-318.67969387538415,-207.22425122720003,-203.75168353370972
358.0,-320.1932414495489,-209.1981711154869,-205.42882813551526
359.0,-321.61630366580914,-211.22825142282437,-207.11810841847992
360.0,-323.32424857245167,-213.09803428273287,-208.72647288360164
361.0,-324.952937529711,-215.02396334647287,-210.3507171761707
362.0,-326.5044677847399,-216.99773228524415,-211.99296869286098
363.0,-327.17518747977647,-219.136693109485,-213.9867043029791
364.0,-328.49877597018315,-221.14097430223558,-215.7841943331182
365.0,-330.123542461376,-222.92094444813378,-217.57076650596986
366.0,-331.2726583930812,-224.90726650705284,-219.50313739525402
367.0,-332.3717414784136,-226.90897316699358,-221.44869305343633
368.0,-333.4398015078132,-228.92278659230055,-223.39902719446252
369.0,-334.36274013051957,-230.99964158213498,-225.3573064518507
370.0,-334.922379133658,-233.13437645252336,-227.3894755440559
371.0,-335.52312987076084,-235.27879709779785,-229.39958963235807
372.0,-336.14932929388493,-237.43700130088163,-231.38705759443206
373.0,-336.7862861723219,-239.60538626122724,-233.35997234138864
374.0,-337.33993710555745,-241.77903037250775,-235.35214249517142
375.0,-337.96071085246655,-243.9199310754567,-237.3599233933924
376.0,-338.55397678784385,-246.08705995377568,-239.3477835380396
377.0,-339.02107689659476,-248.28270878969417,-241.3379955060809
378.0,-339.2048154332133,-250.54659210911632,-243.29786092651244
379.0,-339.4373046624442,-252.75857936770032,-245.31108250551304
380.0,-339.92516272334507,-254.93577546209033,-247.3165280118749
381.0,-340.4677213250737,-257.10862771733866,-249.31260998427794
382.0,-341.1633237118342,-259.24693170996113,-251.29850861076113
383.0,-341.9401386652121,-261.29083683305,-253.35253158434728
384.0,-343.13796724236107,-263.2898864533224,-255.24171323666502
385.0,-344.0761451380769,-265.30456888112747,-257.25687500463397
386.0,-344.9771377850619,-267.327281328198,-259.28094185297294
387.0,-345.97977583694984,-269.34885412006616,-261.2577980399741
388.0,-347.07668711649575,-271.33344875033197,-263.2220204811261
389.0,-348.16645488741386,-273.3464121736206,-265.1611915571197
390.0,-349.2039686402271,-275.36693011378344,-267.1210569775513
391.0,-350.1547263740967,-277.41797370362775,-269.09318271493356
392.0,-351.0844807032292,-279.4431275597795,-271.10174158795
393.0,-352.07663886990133,-281.45945919719315,-273.089209550024
394.0,-353.054572723596,-283.46452073423376,-275.095044441155
395.0,-354.071030027218,-285.4741488810857,-277.07701549576046
396.0,-355.0491173328429,-287.4795250412084,-279.08246100212233
397.0,-356.0250213888266,-289.5118406523916,-281.0616791634314
398.0,-357.02481621056194,-291.51624268084026,-283.0573702273945
399.0,-358.00226858086563,-293.5355011390786,-285.0491488653512
400.0,-358.98930246753156,-295.5247396850841,-287.0662492876552
401.0,-359.9718958062149,-297.5286913660843,-289.0709158412226
402.0,-360.9416580228568,-299.5205266640102,-291.09382300397374
403.0,-361.9488988628401,-301.51885587167357,-293.0918586062765
404.0,-362.49588382101405,-303.60978460011324,-295.1724413390985
405.0,-362.47540123516836,-305.8239963915036,-297.1965081874375
406.0,-362.7179388368087,-307.9395891432674,-299.30966762781935
407.0,-362.186439616406,-310.05870667739293,-301.3655979416367
408.0,-361.7940126125851,-312.1884979571696,-303.4416495188523
409.0,-361.7007584289168,-314.3073969309136,-305.5633400703453
410.0,-361.62836193144466,-316.4558139066625,-307.65596121270903
411.0,-361.88531700860347,-318.563751016586,-309.77505895206167
412.0,-361.65714474035383,-320.7023451319473,-311.8665542606254
413.0,-362.06741301012937,-322.78964304010134,-313.9819424967256
414.0,-364.65817504731973,-323.25906311073237,-315.4198565636789
415.0,-364.9521361762797,-325.4134203431815,-317.48681852986374
416.0,-365.25306041100936,-327.52782422358626,-319.59365047273
417.0,-365.620248513661,-329.64920139241923,-321.68289239381653
418.0,-365.9680921189472,-331.77568281832055,-323.77025474174707
419.0,-366.3076698574792,-333.89573747827166,-325.86550059804006
420.0,-366.67974837856275,-336.0409123378257,-327.9294246267014
421.0,-367.1077620410889,-338.169374781113,-329.9997994556168
422.0,-367.4856961912824,-340.2910849879357,-332.0867856981163
423.0,-367.8828019899811,-342.40483860624033,-334.17828100668
424.0,-368.4696912434172,-344.48718201466215,-336.2565993012642
425.0,-368.7994399880293,-346.7121740995217,-338.2417128969406
426.0,-369.3101684278669,-348.782127909689,-340.3522691469645
427.0,-369.91591346798776,-350.8495952884451,-342.4400075367414
428.0,-370.56665247629184,-352.86552494713595,-344.56428773348614
429.0,-371.1536096472039,-354.96211715436874,-346.6282117621475
430.0,-371.745585268375,-357.0430203069291,-348.7065300567317
431.0,-372.40595338977977,-359.08755936168427,-350.80027645919154
432.0,-373.08186446253563,-361.13852770847103,-352.88274448108405
433.0,-373.7742188867326,-363.19700564618057,-354.9523613372335
434.0,-374.43737819681274,-365.2563290292,-357.03067963181775
435.0,-375.0845471156922,-367.3392698119268,-359.09041992760507
436.0,-375.76118097022504,-369.4143382879776,-361.14863698287405
437.0,-376.27279595288195,-371.524266764802,-363.21901181178947
438.0,-376.8348039186111,-373.62170904716174,-365.28900768584975
439.0,-377.4740797348969,-375.6984178140282,-367.3574871100482
440.0,-378.05826021817654,-377.79354046126383,-369.42368996940047
441.0,-378.66372636809444,-379.89122714482636,-371.4811450281826
442.0,-379.36808692921994,-381.93452146817134,-373.5617277610046
443.0,-379.9757166145287,-384.01920447690554,-375.6317236350649
444.0,-380.59694880587324,-386.1017587539212,-377.6998237892453
445.0,-381.22695743258384,-388.1714645776234,-379.7781420838295
446.0,-381.7938171828861,-390.2679750336501,-381.847758939979
447.0,-382.3388856498513,-392.35902888000004,-383.9287188574174
448.0,-382.9290122016977,-394.43894845095997,-386.00854703088356
449.0,-383.5338344252229,-396.50326616594384,-388.0996669340775
450.0,-384.1228366756238,-398.5861434806684,-390.17685215471346
451.0,-384.6587917177054,-400.6720390993562,-392.2653424373833
452.0,-385.1657046922047,-402.79163048601464,-394.3269853720079
453.0,-385.71241948138464,-404.8890001414932,-396.40114627887357
454.0,-385.3081307558916,-406.98647015032896,-398.50760543785907
455.0,-384.88234117341835,-409.0867971875776,-400.60696952444806
456.0,-384.47273166557073,-411.1862291933809,-402.7104441033507
457.0,-384.0916858301657,-413.26852469847165,-404.83620267402597
458.0,-383.6567940923867,-415.37966836426045,-406.9228127475211
459.0,-383.2218652947464,-417.4725011961107,-409.0277801294329
460.0,-382.8274171053313,-419.55607241722817,-411.149840824229
461.0,-385.19164278656353,-420.4588824150885,-412.7608563536281
462.0,-387.55649817187646,-421.3600416521777,-414.37187188302727
463.0,-389.9321815826634,-422.25158297311714,-415.9722725843422
464.0,-392.3002376080096,-423.15301534359656,-417.57842648178587
465.0,-394.65618664220807,-424.05454990091476,-419.20223053099267
466.0,-397.00624728731157,-424.95477176223864,-420.83526928274665
467.0,-399.37779599917803,-425.84617831940426,-422.4418653916323
468.0,-401.73379035320795,-426.7209608280114,-424.0801712746756
469.0,-404.10120204456956,-427.6145869078056,-425.6916284764393
470.0,-406.4585627827235,-428.50441905773704,-427.3198327311809
471.0,-408.81552177456194,-429.39692055606344,-428.9471573411702
472.0,-411.2012871499572,-430.2955722000745,-430.52846970635346
473.0,-413.55586839229574,-431.1998827945521,-432.1527139989225
474.0,-415.9059938925141,-432.0846415462733,-433.79408905797385
475.0,-418.2712982327967,-432.9774721649779,-435.4090778703636
476.0,-420.6344635498602,-433.85585600394177,-437.0350826414745
477.0,-423.0001068463939,-434.7573154849609,-438.6447728593878
478.0,-425.36578255780506,-435.65075803408934,-440.25887906402437
479.0,-427.73011122643834,-436.5564454508346,-441.8681274133565
480.0,-430.10324295487464,-437.4531772053068,-443.46941375877077
481.0,-432.46389187173935,-438.35981817694835,-445.08351996340735
482.0,-434.8473105263217,-439.2623390641253,-446.66616697559874
483.0,-437.21885923818814,-440.1537456212909,-448.2727630844844
484.0,-439.57982159010476,-441.0619258003074,-449.8855450087612
485.0,-441.9627265991823,-441.980456807669,-451.4597319437306
486.0,-444.3297557218254,-442.8711076700505,-453.07339677073116
487.0,-446.70676587234766,-443.7787995820123,-454.6627105022748
488.0,-449.08733066388703,-444.6636507709647,-456.25956667823203
489.0,-451.46307291219597,-445.5590004880815,-457.85775241639226
490.0,-453.83863781773215,-446.43397979180196,-459.46744263430554
491.0,-456.21582541874625,-447.30861452792203,-461.07492301924253
492.0,-458.5929543485509,-448.19549557221325,-462.67576656698935
493.0,-460.94206733037055,-449.0565438259947,-464.3311408761129
494.0,-463.3143639150974,-449.9411503284947,-465.940389225445
495.0,-465.67705533632403,-450.82405447171686,-467.56463351801403
496.0,-468.0411408618096,-451.7088905325351,-469.18579506877484
497.0,-470.5207772497048,-452.7051952885048,-470.5491659710088
498.0,-472.9877739359465,-453.69492154494213,-471.9399820218907
499.0,-475.36389057272794,-454.61035956126784,-473.5261859705291
500.0,-477.76428668382533,-455.54092990808965,-475.06636042150683
501.0,-480.1527387214663,-456.4472638210194,-476.6392099699895
502.0,-482.54800702205335,-457.38210324103943,-478.1847729829331
503.0,-484.93826680464167,-458.2967672527354,-479.7500358737758
504.0,-487.33357463658433,-459.215760152482,-481.3050125425556
505.0,-489.72687778419316,-460.12011405109735,-482.8716152585321
506.0,-492.14247947903317,-461.03868006000357,-484.3951325505797
507.0,-494.5388704306592,-461.9787805061664,-485.93575630675423
508.0,-496.9161396816895,-462.8865713589912,-487.5246259287287
509.0,-499.30139156918216,-463.8127075964978,-489.0907820840306
510.0,-501.6935204158637,-464.7323971928675,-490.6502341118927
511.0,-504.07103189710665,-465.64265864909123,-492.23732681172834
512.0,-506.45559875855196,-466.5637428574604,-493.80750029398746
513.0,-508.83419737642396,-467.47966036621284,-495.3897024720349
514.0,-511.2302192216724,-468.4147938840815,-496.9339189791513
515.0,-513.6266214835933,-469.32175303705094,-498.49426550922254
516.0,-516.0058878692755,-470.2489118864853,-500.0688981438007
517.0,-518.3769406082357,-471.16049845904416,-501.66486770171826
518.0,-520.7620206876503,-472.07413497858283,-503.2386088891265
519.0,-523.1507866365562,-472.99875817773943,-504.8002968159958
520.0,-525.5457980395478,-473.92003584358173,-506.3543778441152
521.0,-527.9281750906567,-474.8460129587213,-507.92499745706647
522.0,-530.3229494478372,-475.76336299977817,-509.4817648386504
523.0,-532.7158552050516,-476.67568951779805,-511.0443467922157
524.0,-535.1071650083122,-477.5921910525605,-512.606928745781
525.0,-537.4851266758591,-478.5135867806111,-514.1869060304304
526.0,-539.8801436489541,-479.4483281110572,-515.7329177845068
527.0,-542.2681984246086,-480.3664513700854,-517.2995205004833
528.0,-544.653761434792,-481.2826609555147,-518.8710322312736
529.0,-547.0574583565428,-482.21065242641714,-520.4076105528368
530.0,-549.4365801425467,-483.12057833219507,-521.9924810123242
531.0,-551.8293266323,-484.03332247715883,-523.5550629658895
532.0,-554.201103578945,-484.9561326746869,-525.1434884298951
533.0,-556.5968080436668,-485.8695262364328,-526.7011508834046
534.0,-558.9920623959132,-486.78562225087734,-528.2579182649885
535.0,-561.3679027601551,-487.697146188032,-529.8467878869629
536.0,-563.7383342001073,-488.6080190533919,-531.4440872989821
537.0,-566.1224184561396,-489.53035169173273,-533.0142607812413
538.0,-568.503089100584,-490.4408699784588,-534.5964629592888
539.0,-570.9075061710457,-491.36624745454003,-536.1334909609966
540.0,-573.2837927802997,-492.28508662901623,-537.7174721863046
541.0,-575.6606217161765,-493.18700998182743,-539.3103370503883
542.0,-578.0707520442787,-494.1116897367438,-540.8388131386571
543.0,-580.4551295935993,-495.01790603508726,-542.4179001289502
544.0,-582.8645851741759,-495.93461626897596,-543.9522293479616
545.0,-585.2322227693363,-496.84963614523116,-545.5513012175288
546.0,-587.6166563808366,-497.76111662172457,-547.1272706630825
547.0,-590.014839489012,-498.6725799173171,-548.6822473318623
548.0,-592.3930260532965,-499.59263091079737,-550.2626696915032
549.0,-594.7867270543385,-500.5028688774865,-551.8252516450685
550.0,-597.1786519560429,-501.40622493393766,-553.3945327224665
551.0,-599.5522579568775,-502.32355141734956,-554.983402344441
552.0,-601.9058195424425,-503.2406935519491,-556.6019196189534
553.0,-604.2943865079611,-504.13659422179313,-558.180561389909
554.0,-606.6839626134383,-505.0438318243787,-559.7511810028602
555.0,-609.0717621409971,-505.9618569494712,-561.3182302317899
556.0,-611.4561129749519,-506.86425503476266,-562.8995425969731
557.0,-613.8557433576324,-507.76573884384874,-564.4580999326116
558.0,-616.2386737669981,-508.67188114384294,-566.0394122977948
559.0,-618.6251099783653,-509.5788798657166,-567.6149361876787
560.0,-620.933247439875,-510.6084602801494,-569.2312485426993
561.0,-623.2064486596986,-511.7078581936048,-570.85108817738
562.0,-625.5458305645277,-512.6754271605071,-572.4607783952933
563.0,-627.7769324414083,-513.717703962201,-574.1742087217526
564.0,-630.0931954347052,-514.7801285969832,-575.7573005198778
565.0,-632.4558226563817,-515.7193769758853,-577.3497216620772
566.0,-634.7837365491831,-516.7113561060014,-578.9611788638409
567.0,-637.1155114368187,-517.7078670059449,-580.5642359120104
568.0,-639.2835889748546,-518.9530567764999,-582.2222293451606
569.0,-641.5587444010966,-520.0077011672703,-583.8688601463599
570.0,-643.8576129717844,-521.0645765017052,-585.4807589714004
571.0,-641.6250628870013,-521.3327681575537,-587.4666575978836
572.0,-641.2169846984629,-522.1894759900264,-590.3126238453677
573.0,-640.1878335861835,-523.6317601089562,-592.7335047817992
574.0,-638.4925561085357,-524.6906756803547,-594.9706306357532
575.0,-636.134662241645,-524.6923218010778,-596.8254443198642
576.0,-635.6290759514934,-525.2942157720389,-599.7206310411193
577.0,-636.3267975946596,-525.9748561030137,-602.5578679449586
578.0,-636.4570498829532,-526.8133305743082,-605.4353659731737
579.0,-636.576828330083,-527.740641744597,-608.2859355859109
580.0,-636.7234350275444,-528.715788111311,-611.1192368476451
581.0,-636.8775324852892,-529.6259009483157,-613.9736980222691
582.0,-637.0917815330304,-530.5843960893133,-616.8083733846742
583.0,-637.2189024587436,-531.4981641980258,-619.6629956212837
584.0,-637.3291980393293,-532.4095977638739,-622.5190635021207
585.0,-637.3984946593558,-533.2980240630822,-625.3836571363606
586.0,-637.6154409431971,-534.2208056768684,-628.2299544509758
587.0,-637.7395345669835,-535.1545733857637,-631.0782308839015
588.0,-637.8828633860245,-536.1101858898583,-633.9183473589163
589.0,-638.0715690861914,-537.0427014412854,-636.7634844215323
590.0,-638.1135596274313,-538.0836439043484,-639.5767877437922
591.0,-638.1846881184688,-539.0453354902803,-642.4175781322775
592.0,-638.3777934941927,-539.9860715270651,-645.2597121936759
593.0,-638.4477861914504,-540.9279370287338,-648.1071655118353
594.0,-638.5922908484738,-541.8913891667991,-650.9445724938801
595.0,-638.673273290869,-542.8557833523772,-653.7841826253676
596.0,-638.8092866534421,-543.8114630498586,-656.624636230168
597.0,-638.9691676752849,-544.7458236096368,-659.4709335447832
598.0,-639.1127461651519,-545.6626966714218,-662.3237793180105
599.0,-639.239951555013,-546.6010610033958,-665.1704073529439
600.0,-639.4001929345185,-547.5277952694017,-668.019176613608
601.0,-639.4870235599866,-548.4412620927128,-670.8754046866426
602.0,-639.6393012213423,-549.3804141617522,-673.7205417492586
603.0,-639.77296913106,-550.3023056875311,-676.5722515705078
604.0,-639.912811801263,-551.2458993763967,-679.4165572815599
605.0,-639.9876045278929,-552.1983563447723,-682.2603631419231
606.0,-640.0699796079302,-553.1437083767528,-685.1063293894073
607.0,-640.1535509516759,-554.0514699316111,-687.9644729809761
608.0,-640.2121413881684,-554.917588296294,-690.8361286252187
609.0,-640.2835679634175,-555.835388117888,-693.6913942401537
610.0,-640.5790451546858,-556.6824546963447,-696.5541152257025
611.0,-640.8100053455158,-557.5735863692313,-699.4093808406375
612.0,-640.7327772900596,-557.8543438110555,-702.3952159141656
613.0,-641.3221798882681,-560.1090272171618,-704.2843975664833
614.0,-641.9410896411257,-562.3437725822013,-706.1877797853907
615.0,-642.5271422297559,-564.585640959956,-708.0931848709785
616.0,-643.1458551743306,-566.791214779147,-710.0303576614942
617.0,-643.7945859084817,-569.0025355492486,-711.951089003011
618.0,-644.5704651168452,-571.2243123945792,-713.8116585673064
619.0,-645.2450482909037,-573.4404546261708,-715.7178723933588
620.0,-646.256352345064,-575.2221194919575,-717.9094322068387
621.0,-646.3871425870256,-576.1197507470392,-720.7690042102175
622.0,-646.4051910269117,-577.3221016446523,-723.5174631553042
623.0,-646.4113780090153,-578.4298650090996,-726.3054412846376
624.0,-646.1929521801554,-579.2012516204219,-729.1963326442635
625.0,-646.1982490896011,-580.0938604243577,-732.0604592940273
626.0,-646.1368342042724,-580.974342549594,-734.9276843355962
627.0,-646.1893972615618,-581.8538933502309,-737.7953711236028
628.0,-646.1797864224599,-582.8032756065322,-740.6411717074793
629.0,-646.336211077491,-583.5632965598926,-743.5390846595453
630.0,-647.001901828939,-584.4849426718174,-746.3153094825398
631.0,-647.5589069928827,-585.3780706503154,-749.1245918929365
632.0,-647.5609121111764,-586.3354427142563,-751.9677300729562
633.0,-647.5769238355708,-587.4021117072211,-754.7716489170259
634.0,-647.6938949274811,-588.3772698243648,-757.606324279431
635.0,-647.832986350377,-589.5489432215854,-760.3645546951726
636.0,-647.9233038309088,-590.617793442463,-763.1662331132
637.0,-648.0867037764524,-591.7203407347312,-765.9514961036748
638.0,-648.1936014119457,-592.8449145010385,-768.7306878458292
639.0,-648.3322532146469,-593.9287620233454,-771.5246188088269
640.0,-648.4338394380475,-594.981848742685,-774.3318752276041
641.0,-648.5460417161584,-596.0922421211179,-777.116554238535
642.0,-648.6995728275303,-597.1459470621596,-779.9212171585781
643.0,-648.8329279383902,-598.219641396789,-782.7193231054987
644.0,-648.9832783294503,-599.3073412939093,-785.5111511255802
645.0,-649.1351890188205,-600.3923639132374,-788.3039363049311
646.0,-649.2107279341359,-601.486339120791,-791.0963388757527
647.0,-649.3354492170929,-602.6251610260146,-793.868978280681
648.0,-649.4394821377072,-603.7402535550085,-796.652096280912
649.0,-649.578520714829,-604.8613073157233,-799.4312880230664
650.0,-649.6882074095329,-605.9680437898363,-802.2175226158229
651.0,-649.772211040269,-607.0984491736149,-804.9951343702529
652.0,-649.9190600417647,-608.0965245349931,-807.8204274424437
653.0,-650.0766126325158,-609.1049371755634,-810.6414700028256
654.0,-650.3048930644661,-610.1779912281839,-813.4336811417876
655.0,-650.6242954442056,-610.6567338590255,-816.3779616333902
656.0,-650.9654090562117,-611.14552692942,-819.3181525860391
657.0,-651.3220245017206,-611.3705345186701,-822.2883709296638
658.0,-650.9648976399467,-611.4683673757145,-825.2654314155595
659.0,-650.5750715683245,-611.5192737083476,-828.2395605619117
660.0,-650.8709893199633,-611.724100472815,-831.2178954458398
661.0,-650.7004906632448,-613.0988136227039,-833.8789279453745
662.0,-651.084204120108,-614.123466017437,-836.6722863994562
663.0,-651.2592621000714,-615.1797613815229,-839.4747129921543
664.0,-651.4959812136708,-616.1125274563558,-842.3161759095434
665.0,-651.0366225882734,-617.1130841221667,-845.1068525321162
666.0,-650.8737830885474,-617.9309874910762,-847.9886084857764
667.0,-650.796684414119,-618.8892338873995,-850.8304071483024
668.0,-650.130028657444,-619.6218789978328,-853.6621559444088
669.0,-649.4845131083529,-621.0785676301019,-856.2040780330062
670.0,-647.4422918796108,-622.1832532128456,-858.1038154401638
671.0,-647.2110524156667,-623.0510957787006,-860.9662230965266
672.0,-647.588152149418,-624.0143304818691,-863.7822441719834
673.0,-646.8595658850205,-624.6685127626636,-866.617946483374
674.0,-646.5921867836418,-625.7385246970636,-869.4078538073522
675.0,-646.6265968622608,-626.4736419452557,-872.3161898570377
676.0,-646.870939432609,-627.1141827043763,-875.2368069569364
677.0,-647.7353953959215,-628.4970643011334,-877.754812988868
678.0,-648.8971379262789,-630.1043097894017,-880.0058385848131
679.0,-649.1006037211544,-631.213998497136,-882.7856214256556
680.0,-649.1009726820611,-632.2709935920784,-885.5932469763898
681.0,-649.2128790260205,-633.2547094096914,-888.4251686137872
682.0,-649.4087658361818,-634.2140950249571,-891.2608709251778
683.0,-649.6080405194816,-635.2421479853946,-894.0721689725451
684.0,-649.9167864019943,-636.0844689093481,-896.9348899580939
685.0,-649.8055031545782,-637.0940754635823,-899.7577095847247
686.0,-649.8518263908247,-638.0949181477364,-902.5854592340676
687.0,-649.8358609411937,-638.9743916257997,-905.4536069823192
688.0,-649.8917217350302,-639.8722758779614,-908.3155439909608
689.0,-650.057461366492,-640.8328054850299,-911.1527808948001
690.0,-650.2887452088389,-641.7094185741631,-914.0125111751289
691.0,-650.4941203713728,-642.5642104284616,-916.8808124020643
692.0,-650.7264866061217,-643.4493084397524,-919.7378401309038
693.0,-650.9599276644524,-644.3644668266934,-922.5852934490632
694.0,-651.1611614060522,-645.3202160563617,-925.4218491758612
695.0,-651.4606753441553,-646.2644036206898,-928.2535979719677
696.0,-651.6152018954548,-647.1789901846352,-931.1066056764778
697.0,-651.7797668321358,-648.0078259349863,-933.9851382332773
698.0,-651.7938074849069,-648.976999274341,-936.8242412427425
699.0,-652.1098969841147,-649.9943468163576,-939.6287182719306
700.0,-652.2881108940417,-650.9878023931299,-942.4538352286756
701.0,-652.47272114075,-651.9125263488988,-945.3017826759501
702.0,-652.5848686308562,-652.9724200374674,-948.1060737288537
703.0,-652.7227804060539,-653.931833631236,-950.9451767383189
704.0,-652.7984099388057,-654.8697724993232,-953.793781809842
705.0,-652.8359234513887,-655.8690083200452,-956.6222302380372
706.0,-652.9849975420898,-656.8477814066806,-959.4541518754346
707.0,-653.1714211190249,-657.7385872300597,-962.312772388024
708.0,-653.2632681936255,-658.8210356023602,-965.1091753697473
709.0,-653.3677651677043,-659.7956186525761,-967.9445357102755
710.0,-653.4308011307219,-660.7155313016436,-970.7993189219138
711.0,-653.1749602713016,-661.8471026715986,-973.5659218369252
712.0,-653.2620896842097,-662.8119561317478,-976.4051939735554
713.0,-653.6069942879881,-663.4173746180785,-979.3231571794066
714.0,-654.0390745885097,-664.2488098385254,-982.1730733339806
715.0,-654.0842917119027,-664.9405396975151,-985.0918856290647
716.0,-654.1346776788843,-665.6451846898677,-988.0075222129145
717.0,-654.1973523703114,-666.8137703817642,-990.769854445603
718.0,-654.3708675040748,-667.7031130809326,-993.6297429157694
719.0,-654.7055301353588,-668.7606644526647,-996.4171406303716
720.0,-654.92551936712,-669.8304724072689,-999.2112622594663
721.0,-655.1479156941915,-670.8858186112002,-1002.010687961919
722.0,-655.296089834001,-671.9846267516873,-1004.798279233015
723.0,-655.5790391525894,-673.1211644349053,-1007.5602027978039
724.0,-655.8483408698247,-674.2167391438373,-1010.3399856386463
725.0,-656.0093047907187,-675.0549763896516,-1013.2159983187123
726.0,-656.3199241218541,-675.9321383213617,-1016.0680331320839
727.0,-656.4859804978404,-676.9829508830834,-1018.873067577527
728.0,-656.7466863232672,-677.9498405593299,-1021.7009920508035
729.0,-657.0031630535714,-678.9671590115402,-1024.5115583378006
730.0,-657.2104135068774,-679.957483914314,-1027.3357934265548
731.0,-657.4296825514843,-680.793287799695,-1030.2086583644277
732.0,-657.6576892716811,-681.9169879391126,-1032.9808976997338
733.0,-657.9085268190515,-682.8834247801827,-1035.8098693074123
734.0,-658.1805589881471,-683.9240486584133,-1038.6104229032276
735.0,-658.345111387964,-684.8747268027415,-1041.4510449431355
736.0,-658.7607699913768,-685.8688780191159,-1044.250846951205
737.0,-658.9073925073442,-686.8395199811812,-1047.0856936876776
738.0,-659.0154939115597,-687.7341309815799,-1049.9471592639813
739.0,-659.1066724011065,-688.7170052545994,-1052.78011613737
740.0,-659.2519474729249,-689.5860666099712,-1055.6478029253765
741.0,-659.3598304654189,-690.505816081702,-1058.5012959022702
742.0,-659.4480957948679,-691.2226109063403,-1061.413067598504
743.0,-659.6049519309493,-692.0575401022418,-1064.2902692581736
744.0,-659.8751916083152,-692.936513734249,-1067.1458560404328
745.0,-660.2438093591387,-693.7903826967994,-1069.9980532195511
746.0,-660.6359899229859,-694.6962247133011,-1072.8310100929398
747.0,-660.9610893987037,-695.5574846038439,-1075.6862757078748
748.0,-661.2616230942799,-696.4753408802613,-1078.5265607910424
749.0,-661.4739525669124,-697.3320419693539,-1081.3937858326112
750.0,-661.8382987157968,-698.2579362204348,-1084.2239751760312
751.0,-662.1272538022521,-699.0919179462611,-1087.0912002176
752.0,-662.4229221393522,-699.9584545159464,-1089.9480681893192
753.0,-662.716097126686,-700.8216252040354,-1092.806211780888
754.0,-663.0353851511401,-701.6648156991039,-1095.6675200387424
755.0,-663.3213499130231,-702.3113500698358,-1098.5830332804244
756.0,-663.7523919290186,-703.3644326066196,-1101.358861076086
757.0,-664.1640983027789,-704.3240902579158,-1104.1712541947863
758.0,-664.4634061837044,-705.3086106919352,-1106.9892560236385
759.0,-664.6652757157742,-706.2383653837496,-1109.8343930862545
760.0,-664.9466500376174,-707.1242965399159,-1112.686752544237
761.0,-665.2172364756041,-708.0843650404909,-1115.5160725073697
762.0,-665.4926544369275,-708.875257693158,-1118.3968074411214
763.0,-665.7545406122944,-709.7223218389187,-1121.2627973162114
764.0,-665.9761279253786,-710.4341943737455,-1124.16867696906
765.0,-666.2412508721037,-711.1299398119858,-1127.0748166952756
766.0,-666.5856359763138,-711.9059916938638,-1129.9521665830423
767.0,-666.7998553487226,-712.7735597506783,-1132.8159814735825
768.0,-667.1144277350577,-713.5896411993256,-1135.685660076306
769.0,-667.3950833810547,-714.3946695215107,-1138.5619705270137
770.0,-667.5219173501217,-715.1658222531398,-1141.4583884196513
771.0,-667.7622762602182,-715.9659653584973,-1144.3397073199617
772.0,-668.0363959360776,-716.8243785218019,-1147.2011728962655
773.0,-668.2962923438398,-717.6830300320962,-1150.0638938818142
774.0,-668.5108228715178,-718.5644065748894,-1152.923465885193
775.0,-668.790101983369,-719.432696904736,-1155.781450328954
776.0,-669.1142853655628,-720.3356224115539,-1158.6239194429193
777.0,-669.3763951157898,-721.1304952404246,-1161.50480049995
778.0,-669.6511200508253,-721.9655846258382,-1164.3731017268856
779.0,-669.9315836678584,-722.898052897245,-1167.2106787007033
780.0,-670.0566978259707,-723.772772657497,-1170.0775954746025
781.0,-670.413453975788,-725.0071659666665,-1172.78849905235
782.0,-670.5994733087283,-726.0001929098439,-1175.6132635200352
783.0,-670.8762782674129,-727.1925190598238,-1178.3521934875446
784.0,-671.0936691168838,-728.6231930473737,-1180.9801039045708
785.0,-670.892002328862,-729.6956132696254,-1183.7746066105124
786.0,-671.6673759896382,-731.0310533869743,-1186.3466477025538
787.0,-672.2921496261091,-732.3200132792704,-1188.9825992004428
788.0,-672.9545556298157,-733.6050518479232,-1191.611266954901
789.0,-674.3387033244215,-735.1934082295325,-1193.7469774138629
790.0,-675.3814368089023,-736.6477368095677,-1196.1548053274885
791.0,-678.2855713348404,-737.3294301862301,-1196.4730769025143
792.0,-675.3351295374578,-737.8236941996576,-1196.6980130829934
793.0,-672.3406476695088,-738.0026481860141,-1196.7304755735397
794.0,-669.3485029536622,-738.2129289152047,-1196.7838798276985
795.0,-666.3503688766015,-738.317626064215,-1196.799064127358
796.0,-663.350976841477,-738.3778358062849,-1196.8037765144004
797.0,-660.3531024237515,-738.4898586501033,-1196.8179136290184
798.0,-657.3542757745589,-738.5730996632327,-1196.8283855832642
799.0,-654.355424088201,-738.6552937781785,-1196.839904728022
800.0,-651.3814754782519,-738.8392723312996,-1197.188876872145
801.0,-648.4179309859442,-739.1048043754323,-1197.5721480237485
802.0,-645.4759450812276,-739.3038213289354,-1198.1245167309241
803.0,-642.5450556154409,-739.5139100981249,-1198.7292891248057
804.0,-639.6319176974766,-739.7293711745448,-1199.4128123471376
805.0,-636.6914213879174,-739.9427279848146,-1199.9677540782955
806.0,-638.7485056895815,-741.6965416468208,-1201.268731332058
807.0,-639.0782602527319,-742.5098506022678,-1204.1374924707852
808.0,-639.2638297605862,-743.1395500861425,-1207.0647851650272
809.0,-639.58049431294,-743.8379572016131,-1209.9651215355784
810.0,-639.7848903864536,-744.505672926428,-1212.8827195126764
811.0,-640.0677012548628,-745.1966106440575,-1215.7883387380855
812.0,-639.9486381302779,-745.8795152921818,-1218.7071510331696
813.0,-639.8475681662919,-746.2357395553895,-1221.6842115190655
814.0,-639.6196508731362,-746.4426924601154,-1224.6683737470125
815.0,-639.2741231144302,-746.4576576878375,-1227.6483715003544
816.0,-639.606656471857,-746.4876865340837,-1230.6297335774245
817.0,-640.1879979004024,-746.693093696912,-1233.5656916903606
818.0,-640.8076434243818,-746.9363044739412,-1236.4909075700093
819.0,-641.0813953520611,-747.0955679437166,-1239.474143234399
820.0,-641.3875006158248,-747.2497237246507,-1242.454501528749
821.0,-641.6166493366247,-747.3667328271573,-1245.4434477868283
822.0,-641.894116544213,-747.51725984567,-1248.4267938219725
823.0,-642.2153391655143,-747.8221953003429,-1251.3939187596939
824.0,-642.6180938344679,-748.181920247508,-1254.3449163264538
825.0,-643.0832772776463,-748.5834558244426,-1257.2813041660704
826.0,-643.3689688626733,-748.9137328467064,-1260.2493502248117
827.0,-643.5353848589086,-748.990205284951,-1263.2437546200772
828.0,-643.7806129444076,-749.0963249537108,-1266.231831225853
829.0,-644.0176542461573,-749.1789642569964,-1269.2213098036016
830.0,-644.2050595456855,-749.24378590829,-1272.2147488638184
831.0,-644.4600687897353,-749.5402615058782,-1275.1891517459921
832.0,-644.6863750713189,-749.7099301411972,-1278.1757883193143
833.0,-644.8932450081757,-749.8655349660851,-1281.164599448793
834.0,-645.2525962090093,-750.0409575605462,-1284.1378289434356
835.0,-645.0621395392909,-750.0551443609125,-1287.1317436034844
836.0,-645.0069920308001,-750.2160337693974,-1290.1269186151565
837.0,-644.902587622407,-750.2621033685059,-1293.1247473813714
838.0,-644.7607191053547,-750.3203168154366,-1296.1208255710164
839.0,-644.668001283439,-750.3764023924931,-1299.1188679011955
840.0,-644.8762753230419,-750.4276750493627,-1302.1111902499883
841.0,-645.0564066677558,-750.4397025166372,-1305.105753329752
842.0,-645.3169562659692,-750.6349023640081,-1308.0880361678571
843.0,-645.5879430851302,-750.838735058034,-1311.0688109625519
844.0,-646.1212191358852,-751.201966035865,-1313.9986027487435
845.0,-646.7047474373467,-751.7301500212201,-1316.893514906134
846.0,-646.8309702230871,-752.2514943388592,-1319.8451700199346
847.0,-647.4606010323913,-753.1741526294082,-1322.6294592870288
848.0,-647.7480425192075,-754.1457841586649,-1325.453164222572
849.0,-647.9690212090052,-755.1098545465617,-1328.2854312837503
850.0,-648.2701939399835,-756.1485275166591,-1331.083726022927
851.0,-648.4669452298069,-757.0166352380342,-1333.9486305438566
852.0,-648.5939318181205,-757.8322104221309,-1336.8328482064946
853.0,-648.6444733335671,-758.7419090002313,-1339.6911508588075
854.0,-648.9243883305983,-759.6439384871885,-1342.5386041769668
855.0,-649.1448077053366,-760.4913540489501,-1345.4079773079702
856.0,-649.3926780037838,-761.3384555045907,-1348.275202349539
857.0,-649.6818617495776,-762.2098044709754,-1351.131270230376
858.0,-649.9292160504356,-763.089795422285,-1353.9886172123613
859.0,-650.1806981852086,-763.9691343235548,-1356.8458046112912
860.0,-650.462277561153,-764.8235520279658,-1359.7077416199327
861.0,-650.700569149586,-765.6562187790748,-1362.580002610943
862.0,-650.9417679847071,-766.5415347208411,-1365.4362306839776
863.0,-651.1724022119544,-767.394527138602,-1368.3031474578768
864.0,-651.4139475738875,-768.3080939977917,-1371.1504358928476
865.0,-651.6657607894965,-769.2931229244916,-1373.9729007939595
866.0,-651.8537302623554,-770.2120954769107,-1376.8224896985514
867.0,-651.9481820697742,-771.0234570809022,-1379.7091436791393
868.0,-652.0105773815698,-771.8792541085763,-1382.583812055229
869.0,-652.2476963539502,-772.9872020775186,-1385.3616216043258
870.0,-655.0866290432972,-773.3468495135793,-1386.2622407841639
871.0,-657.9197980580287,-774.2211532384425,-1386.7191284406567
872.0,-660.7433749560545,-775.1157599163855,-1387.1956705612665
873.0,-663.5706991303273,-776.0044999609087,-1387.6608362810196
874.0,-666.3895089646027,-776.9057234525145,-1388.1528803200754
875.0,-669.2274384888119,-777.7717410110371,-1388.595790699218
876.0,-672.062053550743,-778.641616708502,-1389.0521608577878
877.0,-674.8970377306025,-779.5148550929534,-1389.4997314375485
878.0,-677.723195607401,-780.4075663994045,-1389.964379883951
879.0,-680.5543543547368,-781.2812497644293,-1390.4347175552707
880.0,-683.3875233476887,-782.1550119403696,-1390.8926401658414
881.0,-686.2183962362988,-783.0340213367872,-1391.3547020334977
882.0,-689.0362029127333,-783.9408905578426,-1391.8420968941014
883.0,-691.8652994022245,-784.8220559898068,-1392.310883129671
884.0,-694.6960948304479,-785.7032086149516,-1392.769323196365
885.0,-697.5162793046364,-786.6043291045946,-1393.2536179358488
886.0,-700.3431203383788,-787.4891238440937,-1393.729126126005
887.0,-703.1821766889846,-788.3522363918531,-1394.170482861521
888.0,-706.0124259392719,-789.2370132839847,-1394.6253004429732
889.0,-708.8430644587079,-790.1197430561416,-1395.081670601543
890.0,-711.6686005726814,-791.0133427909719,-1395.5483880562654
891.0,-714.4995396465094,-791.8967084622286,-1396.0016529359093
892.0,-717.3203481758345,-792.7953161663982,-1396.4869811082774
893.0,-720.168813172264,-793.6461047164155,-1396.8899773952025
894.0,-723.0090691776293,-794.5057926387793,-1397.330298301052
895.0,-725.8308423219042,-795.4101353766773,-1397.7990845366216
896.0,-728.6681155467971,-796.2829945929549,-1398.2326712475176
897.0,-731.4953584987484,-797.1738783992299,-1398.694215757136
898.0,-734.3029803044543,-798.1007799614465,-1399.202264268683
899.0,-737.1235754676879,-799.0052880521995,-1399.6777724588392
900.0,-739.9554145534328,-799.8889345629975,-1400.1248252928558
901.0,-742.7792267959721,-800.783073513846,-1400.600850455489
902.0,-742.2400282943344,-802.33057099951,-1403.1137206287563
903.0,-743.1320988209881,-802.6875543701568,-1405.955687034004
904.0,-743.3375126022928,-803.0973988201624,-1408.9204522363852
905.0,-743.3468306220457,-804.1046968910499,-1411.7462731385117
906.0,-743.3610431610543,-804.7946997446365,-1414.665809756843
907.0,-743.954307579298,-805.8373384727812,-1417.4155264354515
908.0,-744.1078314701916,-806.7687360722374,-1420.263144550061
909.0,-744.3030687372368,-807.7529530845336,-1423.0903692107952
910.0,-744.4307941827259,-808.7377302044006,-1425.921252506652
911.0,-744.6056272404672,-809.7312856674481,-1428.7465455788429
912.0,-744.802053532044,-810.7187873203839,-1431.5725422521293
913.0,-744.9682969408218,-811.7208115139771,-1434.39536187876
914.0,-745.1212765799917,-812.6899709603744,-1437.2303799029457
915.0,-745.3130525788598,-813.6849143774825,-1440.054084838489
916.0,-745.4913912791161,-814.6643054059632,-1442.8841004782553
917.0,-745.6451938738693,-815.6453479774585,-1445.7149837741122
918.0,-745.9165353085333,-816.6297757146052,-1448.5358481551434
919.0,-746.1201886973705,-817.6794376329419,-1451.3388349825132
920.0,-746.7310993549155,-818.3377768899311,-1454.201242638876
921.0,-747.557255412209,-818.6637082134127,-1457.0667678859068
922.0,-746.9490937415877,-818.6793148405046,-1460.0044363177722
923.0,-746.3292076365375,-818.6973877781135,-1462.9396389659196
924.0,-746.9539165504484,-818.7486384323971,-1465.8734269854117
925.0,-747.5382091967786,-818.7904185490588,-1468.8156806327536
926.0,-748.2142582468152,-818.8582547388157,-1471.7377271644336
927.0,-748.8789334043398,-818.9625778087523,-1474.6613077827933
928.0,-748.0265290118041,-819.0565335467725,-1477.5361258763219
929.0,-746.9993693794652,-819.2974516635219,-1480.3444886646232
930.0,-745.7473180354633,-819.8635639316515,-1483.0113003062388
931.0,-744.4320096600012,-820.6743301401867,-1485.5828022083451
932.0,-744.5178846137493,-821.5613074809294,-1488.4473958425851
933.0,-744.4847805396397,-822.5592171778587,-1491.2763674502637
934.0,-744.5259700019848,-823.6075589993019,-1494.0869337372608
935.0,-744.4772943361638,-824.5751148962466,-1496.926205873891
936.0,-744.5391295162268,-825.5060882218937,-1499.7774275554584
937.0,-743.7315087355934,-826.6616351640951,-1502.425532526765
938.0,-742.5560594621495,-828.0739562278604,-1504.7969599910584
939.0,-742.3155114512009,-828.2197520701693,-1507.7837442529017
940.0,-742.553499022486,-828.3667361899495,-1510.7706753844222
941.0,-742.8225315102122,-828.6826248215531,-1513.7418428137287
942.0,-743.0426155024705,-829.0108863866782,-1516.7156967747048
943.0,-743.2375288952637,-829.2800497619822,-1519.6972332656278
944.0,-744.1626084464276,-829.3225427594884,-1522.5507262425215
945.0,-744.9915018239096,-829.3807953910924,-1525.4333539326121
946.0,-745.8512208463625,-829.4291621891258,-1528.307122165313
947.0,-746.5483167261824,-829.4452249672445,-1531.2249637171278
948.0,-745.7912586298186,-829.460950884661,-1534.1278270852958
949.0,-746.557895621331,-829.5124084572085,-1537.0277615399814
950.0,-746.666505183875,-830.5371563095716,-1539.8452241931502
951.0,-746.335637067174,-831.3418950966445,-1542.7162730910152
952.0,-746.6504922490142,-832.3184534514975,-1545.535350953373
953.0,-746.6644883739418,-833.2618182240095,-1548.3831337776892
954.0,-746.7896341263393,-834.1874161709501,-1551.234029598528
955.0,-746.8637747988352,-835.12946273496,-1554.0813180334987
956.0,-746.9261909595288,-836.0843028219774,-1556.9246232635276
957.0,-747.0220414198862,-837.0378641095645,-1559.7674270837138
958.0,-747.1499300138057,-838.0266047964783,-1562.5969210952971
959.0,-747.3607813320286,-839.0403115993208,-1565.412580918407
960.0,-747.5512630664741,-840.088464880859,-1568.217057947595
961.0,-747.8422386847699,-840.9963808190732,-1571.0615301022654
962.0,-748.265277297345,-842.1536396990563,-1573.7968162329967
963.0,-748.787001177907,-843.0863899730165,-1576.599989634497
964.0,-749.0530502735587,-844.162249679117,-1579.387774377172
965.0,-749.3054468232269,-845.0754561048612,-1582.2342370953004
966.0,-749.5413581715777,-845.934268254405,-1585.0989862165177
967.0,-749.6825929225296,-846.8434402519503,-1587.9544124586055
968.0,-749.8719048460578,-847.8708794443663,-1590.7666232795607
969.0,-749.7740094687763,-849.0770701311696,-1593.5117135371252
970.0,-749.7728513410045,-850.0250101374752,-1596.3580108517403
971.0,-749.6584947581451,-851.1278507774888,-1599.1456021228364
972.0,-749.6448852131899,-852.2578968505816,-1601.9245966627686
973.0,-749.7543461946057,-853.2993485212874,-1604.735894710136
974.0,-749.917716695621,-854.4043568273837,-1607.5201839772303
975.0,-750.108000777276,-855.6057632361512,-1610.2625214125655
976.0,-750.278234791347,-856.6101149587774,-1613.0842758309568
977.0,-750.4121813246387,-857.6100036438069,-1615.9095689031476
978.0,-750.5375277824876,-858.6323437091861,-1618.7272113673764
979.0,-750.7490640181703,-859.6182325350933,-1621.5526804689496
980.0,-750.9654206462187,-860.5782826077982,-1624.386669471645
981.0,-751.1914837714742,-861.5543601580168,-1627.214419120988
982.0,-751.4262376143662,-862.4753361743298,-1630.0598881175902
983.0,-751.6443101846451,-863.4663623462999,-1632.8830621257878
984.0,-751.8336097512379,-864.4577653192625,-1635.7081790825328
985.0,-752.0513819557837,-865.4523879140343,-1638.530111250551
986.0,-752.2397691705781,-866.3463493144787,-1641.387617728552
987.0,-752.1405142287648,-867.5283448920819,-1644.1431639377547
988.0,-752.064509819442,-868.7004861389129,-1646.9036545150327
989.0,-751.8873124177968,-869.8777073299226,-1649.6573341166363
990.0,-751.6414484283332,-870.9931757019191,-1652.4313711044504
991.0,-751.3795967796204,-872.1000232113968,-1655.2073974560597
992.0,-750.97806822094,-873.340957645682,-1657.909037059406
993.0,-750.6789056003905,-874.5691035553073,-1660.6297280288359
994.0,-750.3709886854971,-875.8636077010816,-1663.3184909767538
995.0,-750.0902809500362,-877.1968145469905,-1665.9912727997378
996.0,-749.7881738672206,-878.6181166250913,-1668.615893098619
997.0,-749.5248280076373,-880.0758912838361,-1671.2246364747602
998.0,-749.2404625051826,-881.5694196729563,-1673.8108517039911
999.0,-748.9715386670779,-883.1344642231044,-1676.3561052326895
1000.0,-748.7255933284167,-884.7626238853762,-1678.863814746278
1001.0,-748.2940903580119,-886.5075524211568,-1681.2656951745155
1002.0,-747.7100111075737,-888.4668073115674,-1683.4611841186027
1003.0,-747.1835744972441,-890.4411407489158,-1685.657743239927
1004.0,-746.6746927030649,-892.4145230097174,-1687.8592885545427
1005.0,-746.167703789863,-894.3664689150041,-1690.080294953616
1006.0,-745.8634496816344,-896.2429153531275,-1692.401152166475
1007.0,-745.6411562121319,-898.178937569118,-1694.682029978329
1008.0,-745.8800470142102,-899.0947428382059,-1697.5288232433543
1009.0,-746.152245008982,-899.9280261179426,-1700.3978905530132
1010.0,-746.3062864736153,-900.9514095015404,-1703.2137310451842
1011.0,-746.4081082374432,-901.9486323563964,-1706.0413057844553
1012.0,-746.4601437951441,-902.9482058419885,-1708.869404995522
1013.0,-746.5514541942108,-904.0243293143335,-1711.6682655999984
1014.0,-746.6069525260818,-905.0833005707057,-1714.474597692488
1015.0,-746.7021330218967,-906.1271396684416,-1717.285530030922
1016.0,-746.7599461996219,-907.1031234115502,-1720.1217446507399
1017.0,-746.8759523070297,-908.1640786538101,-1722.9254772622714
1018.0,-747.1074706627346,-909.2179615257494,-1725.7247146839998
1019.0,-747.2666127020502,-910.3088405523235,-1728.5148144601194
1020.0,-747.4070151730008,-911.3781874944326,-1731.314240162572
1021.0,-747.5250046647982,-912.4840696192329,-1734.1004747553286
1022.0,-747.6507404605406,-913.5724360334829,-1736.8932599346795
1023.0,-747.777518525176,-914.6262414727876,-1739.6992216982142
1024.0,-747.946848271043,-915.6953474122346,-1742.4971387676435
1025.0,-748.1105821636729,-916.7579101152107,-1745.297880047135
1026.0,-748.246365963475,-917.7674965463796,-1748.1196344655264
1027.0,-748.4123183400555,-918.8494740962595,-1750.912801913114
1028.0,-748.4158185869102,-919.9049932378392,-1753.7209805203308
1029.0,-748.4339889484562,-920.9672213012157,-1756.526571613013
1030.0,-748.4334594404867,-921.9785069378601,-1759.350983247449
1031.0,-748.5930794481585,-923.0491056141842,-1762.1489003168783
1032.0,-748.6056901928342,-924.0962179567659,-1764.9601983642458
1033.0,-748.634202057324,-925.1169584808035,-1767.781062745277
1034.0,-748.7192980261848,-926.1454064132673,-1770.5979854503391
1035.0,-748.7803519905276,-927.107790111242,-1773.4387758388245
1036.0,-748.7839626225641,-928.0928998765149,-1776.2724211436748
1037.0,-748.7770408799814,-929.060167846291,-1779.1122001428444
1038.0,-748.7352570283257,-930.0488515480613,-1781.9442945352675
1039.0,-748.673541688938,-931.0325283878767,-1784.777767861716
1040.0,-748.5945490434462,-932.0407243416576,-1787.602179496152
1041.0,-748.5901169143942,-933.01741874883,-1790.43873522295
1042.0,-748.5646923734972,-933.9883427940189,-1793.2771608589662
1043.0,-748.5750449111093,-934.9936576189195,-1796.1036843292031
1044.0,-748.5834992357009,-935.9821990643994,-1798.936123972861
1045.0,-748.6508948867918,-936.9759057267183,-1801.7659658227665
1046.0,-748.7153418585324,-937.9698079816491,-1804.595807672672
1047.0,-748.7247521294095,-939.0066426003618,-1807.4109249740009
1048.0,-748.7796188971467,-939.9941915520408,-1810.2431920351792
1049.0,-748.7865441862829,-940.961955129328,-1813.0828021666666
1050.0,-748.8514771875357,-941.9369949279619,-1815.919187383175
1051.0,-748.8509756478055,-942.8948651669949,-1818.762158426579
1052.0,-748.8562921107128,-943.8467642898064,-1821.6071293921975
1053.0,-748.8428392901379,-944.8223858030624,-1824.4440258803497
1054.0,-748.7755932299918,-945.7937945147046,-1827.2816028541674
1055.0,-748.7090658623332,-946.7548212925694,-1830.122729680196
1056.0,-748.7311605418021,-947.706478809708,-1832.9677006458146
1057.0,-748.7419881944685,-948.646405112655,-1835.8166340088412
1058.0,-748.7698829020163,-949.6976380421137,-1838.6262836690858
1059.0,-748.9927702430746,-950.6577162376274,-1841.4597569955342
1060.0,-748.8468440665908,-951.6069156519002,-1844.3018910569326
1061.0,-748.757082459147,-952.569038961138,-1847.1420075319475
1062.0,-748.7591290995413,-953.5462363387618,-1849.978392748456
1063.0,-748.8110584209159,-954.4523582868708,-1852.8378063877772
1064.0,-748.8246615717522,-955.1673207663123,-1855.751334078958
1065.0,-748.7570234321464,-956.0267448161185,-1858.624801563494
1066.0,-748.8023903720662,-956.9576693222494,-1861.4763487583773
1067.0,-749.0257991055109,-958.0317482268358,-1864.2685598973392
1068.0,-749.2502329691449,-959.1309474029904,-1867.050895357343
1069.0,-749.4948598414494,-960.1506756774626,-1869.8616447128688
1070.0,-749.6703136728083,-961.2749514451876,-1872.6374725085304
1071.0,-749.9152832411078,-962.2388162803135,-1875.4678354693917
1072.0,-750.0997425021227,-963.232134196758,-1878.2925999370768
1073.0,-750.3296012060412,-964.2943751996012,-1881.0888132744515
1074.0,-750.5623976185408,-965.3943152401529,-1883.8701686522338
1075.0,-750.80232774147,-966.4478180603339,-1886.668840720194
1076.0,-751.0791967831206,-967.4536704455704,-1889.4815981773684
1077.0,-751.4738452239999,-968.6575402350486,-1892.2009639376317
1078.0,-751.6870213321446,-969.6717649814043,-1895.0162621653149
1079.0,-751.8724176295764,-970.4786587169827,-1897.8997584306815
1080.0,-751.9754302624845,-971.3884354970925,-1900.7566264024006
1081.0,-752.1246428677521,-972.2791398480427,-1903.6174621819634
1082.0,-752.2842011312453,-973.1933674754587,-1906.4703079551907
1083.0,-752.4298514978112,-974.1119300602335,-1909.322505134309
1084.0,-752.5640658652197,-975.0186377888765,-1912.1790533307167
1085.0,-752.7184886663293,-975.9297060448505,-1915.0331921205188
1086.0,-752.8469956707492,-976.8417707109838,-1917.888297021325
1087.0,-753.0066039193637,-977.8153746597268,-1920.7214261320373
1088.0,-753.1177743010215,-978.7732635441656,-1923.5622165205227
1089.0,-753.1793692998065,-979.7231826254099,-1926.4071874861413
1090.0,-753.2388502782394,-980.6712461291459,-1929.252822319722
1091.0,-753.2627220488127,-981.6208737048203,-1932.098457153303
1092.0,-753.2743576140407,-982.5597957547247,-1934.947718460699
1093.0,-753.3577415834518,-983.4795883819025,-1937.8020184863856
1094.0,-753.2653175153281,-984.0502318123625,-1940.745795629259
1095.0,-753.4706025930017,-984.8828655649846,-1943.6206137227875
1096.0,-753.6494223009603,-985.724146147215,-1946.4946823534933
1097.0,-753.7712241372922,-986.7161424978651,-1949.3233052610162
1098.0,-753.9147569364827,-987.5936053198,-1952.1885203195552
1099.0,-754.128049459172,-988.5533273628283,-1955.0228526747828
1100.0,-754.3569477494796,-989.4166214903146,-1957.8868234885556
1101.0,-754.5799413828931,-990.0686752286545,-1960.8066008365352
1102.0,-754.7926130745169,-990.8217458589503,-1963.702745753035
1103.0,-755.1758491877014,-991.8424106548471,-1966.4976291953217
1104.0,-755.4008610982235,-992.5765579483284,-1969.397697710305
1105.0,-755.4502422928337,-993.2705563604751,-1972.3159039575667
1106.0,-755.6155350008406,-993.9295877613779,-1975.2379504892467
1107.0,-755.7991269497315,-994.6085959998122,-1978.1543252608494
1108.0,-755.9962762932118,-995.3170920766403,-1981.0627897088846
1109.0,-756.2380641810399,-996.0013978923648,-1983.9736768877126
1110.0,-756.4377228118227,-996.6540444233665,-1986.895010305302
1111.0,-756.7129977798539,-997.4348600095278,-1989.7785065706687
1112.0,-756.9664670801203,-998.1327768187226,-1992.6851653812735
1113.0,-757.2062852002631,-998.7913140471865,-1995.6021528663302
1114.0,-757.4605548827541,-999.488399663634,-1998.5089412266873
1115.0,-757.7037425798521,-1000.1657335021803,-2001.4213420602164
1116.0,-757.9229030511447,-1000.8303585443317,-2004.3385740086853
1117.0,-758.1280863995074,-1001.5333971466866,-2007.2478069861475
1118.0,-758.508036136482,-1002.3055569706173,-2010.121725461623
1119.0,-758.7647320496046,-1003.0410335614225,-2013.018824250509
1120.0,-759.0144205552133,-1003.7548306631628,-2015.921951761955
1121.0,-759.31418070023,-1004.4760222755276,-2018.8185060103187
1122.0,-759.3368631936502,-1005.231383161429,-2021.721765460754
1123.0,-759.7919659719191,-1006.0073973493019,-2024.5837024693956
1124.0,-760.1268561584749,-1006.7865004204023,-2027.4613485504053
1125.0,-760.4423663288151,-1007.4417894217956,-2030.3718553202075
1126.0,-760.795575435632,-1008.3021466605578,-2033.2240524993258
1127.0,-760.921353417297,-1008.9553024585425,-2036.1493845151638
1128.0,-761.2738495404905,-1009.7105444351895,-2039.0312859777132
1129.0,-761.4202058047929,-1010.4068614208575,-2041.9456851438142
1130.0,-761.7063940844392,-1011.184279656821,-2044.8290368661999
1131.0,-761.9390406543816,-1011.9945470873752,-2047.7081586532172
1132.0,-762.3830798797613,-1012.5235448983353,-2050.627574773321
1133.0,-762.6875181763687,-1013.2499032877031,-2053.5223495165014
1134.0,-762.9496467738537,-1013.9174045305417,-2056.4353772694053
1135.0,-763.1930695313243,-1014.6032870585217,-2059.3457570588757
1136.0,-763.6262956008374,-1015.4098975995263,-2062.202625030595
1137.0,-763.8930391688398,-1016.1380210131061,-2065.100673367584
1138.0,-764.2302539255419,-1016.8536659823137,-2067.9944837424896
1139.0,-764.3101709150085,-1017.515032209833,-2070.919583396842
1140.0,-764.6161532863142,-1018.4732242638858,-2073.745931354189
1141.0,-764.3783028849813,-1019.2924443712982,-2076.6220929633823
1142.0,-764.4979313091496,-1019.9922994779453,-2079.5368642871454
1143.0,-764.5718272007952,-1020.8285278504846,-2082.417013850303
1144.0,-764.6760152441675,-1021.7276243767961,-2085.2772184387886
1145.0,-764.8230812017264,-1022.5172748850897,-2088.167689625097
1146.0,-764.9750331366681,-1023.3755329456171,-2091.0382825448623
1147.0,-765.0895275106244,-1024.2279533491298,-2093.9123511755683
1148.0,-765.3508839192154,-1025.201309865518,-2096.737996220455
1149.0,-765.4952929892258,-1026.098872895211,-2099.5969342450067
1150.0,-765.7731960768325,-1027.0269373369683,-2102.4362063816366
1151.0,-765.9176630690423,-1027.962296837037,-2105.2829996466617
1152.0,-766.0857758232615,-1028.823150497871,-2108.1519139145507
1153.0,-766.2664158670806,-1029.793072462053,-2110.985043025263
1154.0,-766.3280295126749,-1030.9886934310562,-2113.735805511767
1155.0,-766.4828769375977,-1031.982065137516,-2116.5623289820037
1156.0,-766.6124166443992,-1033.0636008696408,-2119.3575928200876
1157.0,-766.7572822526319,-1033.905788337346,-2122.2333073790783
1158.0,-766.8905092708409,-1034.629550718048,-2125.1416434287635
1159.0,-766.8135565212317,-1035.4143755705986,-2128.0361430789876
1160.0,-766.7980107225768,-1036.224011220442,-2130.924784358663
1161.0,-766.6366763030064,-1037.0509223091606,-2133.8040532339883
1162.0,-766.5385309963705,-1037.7787339368908,-2136.7127742129283
1163.0,-766.5538891814934,-1038.5934144626933,-2139.5999977524257
1164.0,-766.6779391564378,-1039.4920019994465,-2142.4595697558043
1165.0,-766.8978735555238,-1040.446161976218,-2145.2952720671947
1166.0,-766.9519749484457,-1041.1413408868495,-2148.2131136190096
1167.0,-767.1301956324364,-1041.835967908069,-2151.1261413719135
1168.0,-767.3474470239814,-1042.4380876003409,-2154.05705483175
1169.0,-767.4890880690376,-1043.2030593829686,-2156.9544253614094
1170.0,-767.5256722254173,-1044.1139253497695,-2159.8125689529784
1171.0,-767.54984517668,-1044.9480341070241,-2162.694179309966
1172.0,-767.6346704971963,-1045.6329505977164,-2165.613715928297
1173.0,-767.5735084325464,-1046.5209715928545,-2168.4786204492266
1174.0,-767.6753137773259,-1047.3941747440942,-2171.346921676162
1175.0,-767.5672867268015,-1048.1931600413486,-2174.2365501386334
1176.0,-767.4990090076578,-1049.0645996512708,-2177.1063813460964
1177.0,-767.4978090872552,-1050.046747374358,-2179.9410567085015
1178.0,-767.4870412622964,-1050.8584772963188,-2182.8291319477808
1179.0,-767.4985118262613,-1051.6903421763254,-2185.7114694102534
1180.0,-767.5109329911786,-1052.6391950800164,-2188.5574356577376
1181.0,-767.5499239927311,-1053.7613666603295,-2191.3393793390755
1182.0,-767.6007934723444,-1054.4980723607723,-2194.247072068196
1183.0,-766.9978833177428,-1055.2920893529656,-2197.0765660797792
1184.0,-767.0585740435845,-1055.8323081926426,-2200.0269016947655
1185.0,-766.8681807785179,-1056.5221156281468,-2202.9403045344943
1186.0,-766.7375184662403,-1057.2432500225177,-2205.849409645247
1187.0,-766.8063645289058,-1057.996826454874,-2208.752405129269
1188.0,-766.8192988195664,-1058.490767087305,-2211.711434591062
1189.0,-767.2041654258651,-1059.125757051076,-2214.6180934016666
1190.0,-767.0273935810282,-1059.9025660228863,-2217.510379614369
1191.0,-767.0694549447339,-1060.4780831407577,-2220.4543583657733
1192.0,-767.0419398908117,-1061.1783880270962,-2223.37134585083
1193.0,-766.9189509565441,-1061.8585257435677,-2226.2906413837763
1194.0,-766.9478833864886,-1062.6829168048337,-2229.1750030623116
1195.0,-766.9716222995586,-1063.346116357645,-2232.1006829520393
1196.0,-766.9696996489996,-1064.0805130965327,-2235.0094039309793
1197.0,-766.954974256877,-1064.8916767107896,-2237.897620812332
1198.0,-766.9920387659158,-1065.686471651617,-2240.7901849385366
1199.0,-767.0826527215628,-1066.4244630976154,-2243.696584384015
1200.0,-767.1481598163426,-1067.2422103561792,-2246.582238251277
1201.0,-767.2552457561843,-1067.9918215001978,-2249.485101619445
1202.0,-767.3974512132714,-1068.7086981100006,-2252.394717665299
1203.0,-767.5203269812956,-1069.782167346472,-2255.1933897332597
1204.0,-767.5573608116148,-1070.570391472863,-2258.087751704746
1205.0,-767.6131094640801,-1071.5256440345656,-2260.931056934775
1206.0,-767.5978725838123,-1072.5648659200212,-2263.7452683181414
1207.0,-767.798597308849,-1073.4253877363017,-2266.6121850920404
1208.0,-767.9083361318509,-1074.3243265504843,-2269.472231664927
1209.0,-768.001081282799,-1075.2702147713392,-2272.317700661529
1210.0,-768.0232737953384,-1076.2481525409937,-2275.1537445982603
1211.0,-768.10609150364,-1077.2024359755974,-2277.996715641664
1212.0,-768.1800365426592,-1078.2045864018098,-2280.82341453869
1213.0,-768.3328856540736,-1079.144148722216,-2283.668385504309
1214.0,-768.4741990209857,-1080.1599346543476,-2286.4876424050567
1215.0,-768.608375478495,-1081.1293778231309,-2289.3235155723105
1216.0,-768.692651584394,-1082.1084003803724,-2292.1580194742987
1217.0,-768.79218631016,-1083.0765354371815,-2294.995766353452
1218.0,-768.8243692783652,-1084.1006140903942,-2297.815381073337
1219.0,-769.0317781566755,-1085.006208808641,-2300.6679027232954
1220.0,-769.1514258191095,-1086.0514766177773,-2303.4773688014066
1221.0,-769.2567815928662,-1087.189336540724,-2306.25120638798
1222.0,-769.2993214259404,-1087.8990859704559,-2309.1657296954177
1223.0,-769.407165649493,-1088.92688076506,-2311.9821116800977
1224.0,-769.6430925058017,-1089.8731317020524,-2314.8191784193045
1225.0,-769.8605215256948,-1090.8156707501473,-2317.658957418474
1226.0,-770.0477875819416,-1091.7545513141658,-2320.5020955984937
1227.0,-770.2383537502982,-1092.7240836759865,-2323.33470773835
1228.0,-770.462494421388,-1093.63593397167,-2326.1839690457464
1229.0,-770.6557010591602,-1094.5872746056132,-2329.0225641548327
1230.0,-770.875964389341,-1095.5383102576372,-2331.8592903055137
1231.0,-771.0511397200369,-1096.4880966809194,-2334.6995753886813
1232.0,-771.2441859233941,-1097.4344125952446,-2337.539860471849
1233.0,-771.4495582166167,-1098.3826943883828,-2340.378624967537
1234.0,-771.6795878554902,-1099.3227479328114,-2343.2182350990242
1235.0,-771.8747920367614,-1100.290852793975,-2346.0510196487926
1236.0,-772.1000497353778,-1101.314531629333,-2348.861951987227
1237.0,-772.3311636418699,-1102.292975002465,-2351.6884754574635
1238.0,-772.4761203673431,-1103.2282587315797,-2354.5352687224886
1239.0,-772.626140727172,-1104.1617371011223,-2357.382392187538
1240.0,-772.7840721237264,-1105.1336104304926,-2360.216209384472
1241.0,-772.9946607019773,-1106.0842993219653,-2363.05378635829
1242.0,-773.1462388267169,-1107.0140011202536,-2365.9020627912155
1243.0,-773.2184380262971,-1107.7967406201185,-2368.7972495124704
1244.0,-773.4011952264605,-1108.8013917782912,-2371.6181138935017
1245.0,-773.5775862125902,-1109.7876565199572,-2374.4458635428446
1246.0,-773.7675496108734,-1110.7568033622401,-2377.278648092613
1247.0,-773.9545597651966,-1111.7541577233465,-2380.1018221008103
1248.0,-774.1491412448515,-1112.7646050205178,-2382.9198239296625
1249.0,-774.3536531323573,-1113.7600271899403,-2385.742466236525
1250.0,-774.5475333704026,-1114.7409909723176,-2388.5709146647205
1251.0,-774.7213880736036,-1115.7402223157947,-2391.394265734706
1252.0,-774.774344193263,-1116.846736481881,-2394.1822438640393
1253.0,-774.9476391849007,-1117.8079442922128,-2397.0187995908373
1254.0,-775.1418507476247,-1118.8279712642602,-2399.833373598605
1255.0,-775.2926317443684,-1119.7703816904057,-2402.6775127793962
1256.0,-775.4306452111532,-1120.735285330402,-2405.5147496832356
1257.0,-775.5370287254723,-1121.680736356532,-2408.3598867458513
1258.0,-775.6982531290515,-1122.638016095355,-2411.1984818549377
1259.0,-775.8780467956456,-1123.5647012149077,-2414.046099969547
1260.0,-775.8953492400741,-1124.565972306501,-2416.8740244428236
1261.0,-775.9907969814839,-1125.6127422715158,-2419.683857599615
1262.0,-776.1258565059927,-1126.675879010298,-2422.485910275688
1263.0,-776.226752222459,-1127.7614418129174,-2425.280793717975
1264.0,-776.3177279427958,-1128.7149820924424,-2428.123764761379
1265.0,-776.3747728749521,-1129.7226824727275,-2430.948881718124
1266.0,-776.3989853592958,-1130.8063093224027,-2433.746231643726
1267.0,-776.5014128950589,-1131.9361678897062,-2436.5234475549955
1268.0,-776.5278459197915,-1133.2415935995614,-2439.224403869202
1269.0,-776.5884321157798,-1134.156176408527,-2442.08095206561
1270.0,-776.6489443253984,-1135.2735023439839,-2444.8644608273066
1271.0,-776.6533615787464,-1136.3280377341707,-2447.6730077111447
1272.0,-776.6817709393687,-1137.2172087297783,-2450.5380675445163
1273.0,-776.7981683855147,-1138.2356551465764,-2453.3575033977754
1274.0,-776.9479037066789,-1139.1842611293928,-2456.199637459174
1275.0,-777.1377985233136,-1140.0784133441498,-2459.0569844411593
1276.0,-777.0668235868922,-1140.799679224739,-2461.9681247826575
1277.0,-777.1613127538415,-1141.7219022577642,-2464.821294331543
1278.0,-777.3915142159975,-1142.6562981994955,-2467.662757248932
1279.0,-777.6975532053526,-1143.6072166863426,-2470.491554549618
1280.0,-777.8622184692717,-1144.4753604315795,-2473.358471323517
1281.0,-778.1164386454126,-1145.3424779776499,-2476.2191494360172
1282.0,-778.5039583462844,-1146.2059573275146,-2479.0659427010423
1283.0,-778.6441898295265,-1147.1660361102863,-2481.90470719673
1284.0,-778.7930565895251,-1148.0207656571708,-2484.7765143088895
1285.0,-778.9016197587464,-1149.0519439240325,-2487.5916316102184
1286.0,-779.1034842964417,-1149.957260303221,-2490.4446393147286
1287.0,-779.4158232389902,-1150.8417304608824,-2493.2942282193208
1288.0,-779.7161352188587,-1151.7387480390796,-2496.1411866277194
1289.0,-780.1221903481464,-1152.7960062384361,-2498.919193886866
1290.0,-780.3919130982977,-1153.7042460924151,-2501.7656566049945
1291.0,-780.6470856301096,-1154.643437036188,-2504.6034034841477
1292.0,-780.8067941999088,-1155.5758108848024,-2507.4503618925464
1293.0,-780.9919948561716,-1156.4433879561152,-2510.3161969789135
1294.0,-781.1197585510738,-1157.3821778328022,-2513.162659697042
1295.0,-781.2006420210788,-1158.286676386286,-2516.021914885203
1296.0,-781.302270462549,-1159.1376947464398,-2518.8968826085984
1297.0,-781.4022821274245,-1160.064342609569,-2521.748429803482
1298.0,-781.5919826442299,-1160.924287035329,-2524.6162703322643
1299.0,-781.6977403387904,-1161.8583073793661,-2527.4652036952907
1300.0,-781.6972413978782,-1162.8112142421544,-2530.3098422069315
1301.0,-781.7598123308755,-1163.697131809975,-2533.1753674539623
1302.0,-781.8067078518865,-1164.6165115347237,-2536.0306330688973
1303.0,-781.8616249773236,-1165.5926625167265,-2538.866847688715
1304.0,-781.9301894556727,-1166.5376222548177,-2541.7133104068434
1305.0,-781.9739581421069,-1167.452165689682,-2544.5701783785626
1306.0,-782.0267363376292,-1168.4798232954356,-2547.3881802074147
1307.0,-782.1280333671593,-1169.4517583834843,-2550.224565423923
1308.0,-782.2235126729662,-1170.4237847776385,-2553.061121150721
1309.0,-782.3131336987656,-1171.4162298539743,-2555.890789124564
1310.0,-782.401762557421,-1172.4171885299277,-2558.71748802159
1311.0,-782.4825430958949,-1173.416831064793,-2561.5448877646563
1312.0,-782.6039673532242,-1174.3699748635845,-2564.3868541699044
1313.0,-782.6572328321514,-1175.3729428755044,-2567.213728407613
1314.0,-782.7872585448567,-1176.3768288975457,-2570.037786864654
1315.0,-782.8444341974349,-1177.344912492968,-2572.8767206604703
1316.0,-782.9246175227702,-1178.3480677327834,-2575.702893018832
1317.0,-783.035184175555,-1179.3125120401246,-2578.5414881279185
1318.0,-783.066105447237,-1180.2803021390494,-2581.3809293052245
1319.0,-783.1331780641514,-1181.2467569999799,-2584.2202014418544
1320.0,-783.1988387730349,-1182.2539326807926,-2587.0453183985996
1321.0,-783.3314086159778,-1183.2554969267828,-2589.8700828662845
1322.0,-783.4143038208963,-1184.2510039416422,-2592.6988801669704
1323.0,-783.4753663813439,-1185.2609383588997,-2595.5231152557244
1324.0,-783.5320155143032,-1186.246405877012,-2598.3560721291133
1325.0,-783.528308966646,-1187.2576848596702,-2601.1804837635495
1326.0,-783.697595758335,-1187.8760690835236,-2604.1111736027938
1327.0,-783.6060521505219,-1188.6506753489057,-2607.0080002979034
1328.0,-783.3718106699026,-1189.2502365638409,-2609.938129523433
1329.0,-783.3183904464104,-1190.0009990873639,-2612.84217875046
1330.0,-783.1795574628969,-1190.9019655754548,-2615.700322342029
1331.0,-783.2773023093974,-1191.668166362489,-2618.599181134542
1332.0,-783.2494923929024,-1192.610727737736,-2621.4471285818167
1333.0,-783.2433096248566,-1193.4963296365697,-2624.313427772439
1334.0,-783.2894527186983,-1194.4167453048674,-2627.1683718721442
1335.0,-783.2408504487397,-1195.305542191289,-2630.0332763930737
1336.0,-783.3291291746094,-1196.1064424373458,-2632.923045529601
1337.0,-783.5994019259914,-1197.0937161869672,-2635.7430177250612
1338.0,-782.8197552211916,-1197.7015292180308,-2638.575457368719
1339.0,-781.5883537289553,-1198.7940501934027,-2641.083454235402
1340.0,-780.4974720184084,-1200.019289802068,-2643.5951797369153
1341.0,-779.3713772016318,-1201.581233296827,-2645.895667290198
1342.0,-779.0210861046761,-1203.1255402960076,-2648.4436884909883
1343.0,-778.4765370804927,-1204.6143955685905,-2650.9906035538756
1344.0,-777.8843002321424,-1206.3150681381944,-2653.3899718720904
1345.0,-776.989039210747,-1207.8174786041548,-2655.8274440248224
1346.0,-776.2585607265441,-1209.3797214482267,-2658.2821942117585
1347.0,-775.7066204628076,-1210.9799499969465,-2660.759012844022
1348.0,-775.1386934232755,-1212.332316277726,-2663.3759890228166
1349.0,-774.9191799920866,-1213.8613045114585,-2665.947760559061
1350.0,-774.4903533991708,-1215.4288305300615,-2668.469460369548
1351.0,-774.1982276320639,-1216.967501267738,-2671.0282012507646
1352.0,-774.0077474572271,-1218.2496869609408,-2673.73369882998
1353.0,-773.7026974173149,-1219.4058890333129,-2676.4850877957556
1354.0,-773.3167463660161,-1220.6329557867343,-2679.195318222979
1355.0,-772.8879228613115,-1222.5404521357366,-2681.4707452335324
1356.0,-772.9522527372676,-1223.9571060090516,-2684.1144081224575
1357.0,-772.3529194879683,-1225.6046552231076,-2686.5488241188614
1358.0,-772.1311464409134,-1227.1532250300036,-2689.1086577597002
1359.0,-772.0609640505816,-1228.767129814752,-2691.6365789961815
1360.0,-772.2417457408156,-1229.7531009473478,-2694.4641537354523
1361.0,-772.3483596346158,-1230.4354813363723,-2697.3835698555563
1362.0,-772.2800626752702,-1230.8046979728535,-2700.359979538495
1363.0,-772.4097280913953,-1231.8225323826796,-2703.1790574008523
1364.0,-772.3623088130072,-1232.7990763101955,-2706.01527202067
1365.0,-772.1201665591844,-1233.6525142907549,-2708.881107107037
1366.0,-772.101167718368,-1234.5748867373848,-2711.7357293436467
1367.0,-772.1647395524033,-1235.5579497609071,-2714.569374648497
1368.0,-772.0599583342896,-1236.6362800030035,-2717.366913707261
1369.0,-772.1529036452613,-1237.4741456871625,-2720.246035494278
1370.0,-772.516792568923,-1238.4250840081588,-2723.0679676622967
1371.0,-772.7408762079721,-1239.368610068045,-2725.9069014581128
1372.0,-773.1811013154595,-1240.545419423113,-2728.6311117283676
1373.0,-773.431320658537,-1241.5844618483638,-2731.434285129868
1374.0,-773.5784479862801,-1242.6474768173798,-2734.235776290853
1375.0,-773.7352406446877,-1243.77597383325,-2737.0110079113565
1376.0,-773.9922273125062,-1244.7479424154394,-2739.837531381593
1377.0,-774.2268725402832,-1245.7538839483088,-2742.6540936921997
1378.0,-774.5513440820683,-1246.6180422793661,-2745.5085548668235
1379.0,-774.8517190241703,-1247.4469147775123,-2748.3760878266994
1380.0,-775.2592991666498,-1248.1767917118104,-2751.257260867014
1381.0,-775.5484324331819,-1248.9878762320077,-2754.131029099715
1382.0,-775.9024778852438,-1249.7318180222812,-2757.0156785464515
1383.0,-776.1358853465637,-1250.6202507591288,-2759.87158614809
1384.0,-776.3968099167296,-1251.608508983884,-2762.6920939126403
1385.0,-776.6996606054125,-1252.465158157629,-2765.551190562543
1386.0,-776.9220426535998,-1253.4859502633717,-2768.363401383498
1387.0,-777.1393741315327,-1254.5023071487371,-2771.1776127668645
1388.0,-777.374251965488,-1255.4124780646373,-2774.026546129891
1389.0,-777.6607219960517,-1256.290490755294,-2776.8808461555777
1390.0,-777.9008657408478,-1257.1048546820514,-2779.7581960433445
1391.0,-778.1898914602797,-1258.0461007858232,-2782.592013240279
1392.0,-778.4878526563721,-1258.9412835108312,-2785.439796064595
1393.0,-778.6979334712149,-1259.917895963582,-2788.268593365281
1394.0,-779.024945131042,-1260.807645912248,-2791.1148906798962
